INSERT INTO `article` (`art_no`, `art_title`, `user_no`, `art_date`, `art_tag`, `art_content`, `art_file`, `art_like`, `art_is_private`, `art_count`, `art_map`, `b_no`, `art_file_name`, `art_fav_no`) VALUES
	(304, '기획 게시판 글쓰기 권한 요청', 2, '2026-02-23', '삭제글', '기획 게시판 글쓰기 권한 요청', NULL, 0, 'Y', 10, NULL, 7777, NULL, NULL),
	(305, '퇴근하고싶어요', 2, '2026-02-23', '일반', '퇴근하고싶어요', NULL, 0, 'N', 4, NULL, 6666, NULL, NULL),
	(307, '오늘 회의 있습니다.', 4, '2026-02-23', '답변완료', '각자 쪽지 확인하시고 받은 사람들은 예정대로 모이시기 바랍니다.', NULL, 0, 'N', 4, NULL, 2003, NULL, NULL),
	(308, '모바일 오피스 앱 게시판 글쓰기 요청', 2, '2026-02-23', '삭제글', '모바일 오피스 앱	게시판 글쓰기 요청', NULL, 0, 'Y', 6, NULL, 7777, NULL, NULL),
	(310, '기획팀 회의 일정', 2, '2026-02-23', '일반', '기획팀 회의 일정', NULL, 0, 'N', 2, NULL, 2002, NULL, NULL),
	(311, '기획팀 회식 일정', 2, '2026-02-23', '일반', '기획팀 회식 일정', NULL, 0, 'N', 3, NULL, 2002, NULL, NULL),
	(312, '게시판 이용자가 별로 없는데', 4, '2026-02-23', '일반', '관리부서 폐쇄할까', NULL, 0, 'N', 8, NULL, 2003, NULL, NULL),
	(315, '자게 이용수칙 같은 거 없음?', 4, '2026-02-23', '삭제글', '공지사항 같은 거 없음?\n\n진짜 없음?', NULL, 0, 'N', 15, NULL, 6666, NULL, NULL),
	(317, '야호 신난다', 4, '2026-02-23', '일반', '내일이 마감이다', NULL, 0, 'N', 6, NULL, 6666, NULL, NULL),
	(318, '사내 보안 캠페인 및 PC 보안 점검 안내', 1, '2026-02-23', '답변완료', '임직원 여러분, 안녕하세요. 개발팀입니다.\n최근 기승을 부리는 피싱 메일 및 보안 사고를 예방하고자 6월 정기 PC 보안 점검을 실시합니다.\n 업무에 차질 없도록 아래 내용을 확인하여 협조 부탁드립니다.', NULL, 0, 'N', 41, NULL, 9999, NULL, NULL),
	(319, '경영 게시판 글쓰기 권한을 요청드립니다.', 3, '2026-02-23', '일반', '해당 게시판의 글쓰기 권한을 요청 드립니다.\r\n경영 부서 부장 유다빈.', NULL, 0, 'Y', 7, NULL, 7777, NULL, NULL),
	(320, '사내 네트워킹 데이 "랜덤 런치" 모집', 1, '2026-02-23', '답변완료', '안녕하세요! 인사팀입니다.\r\n타 부서 동료들과 가볍게 소통하며 맛있는 점심을 즐길 수 있는 제 1회 랜덤 런치를 개최합니다. \r\n이번 달은 어떤 동료와 짝이 될지 기대하며 많은 신청 바랍니다!', NULL, 3, 'N', 21, NULL, 9999, NULL, NULL),
	(321, '임직원 건강검진 실시 안내', 1, '2026-02-23', '답변완료', '안녕하세요, 인사팀입니다.\r\n회사는 임직원 여러분의 건강한 직장 생활을 응원합니다. \r\n올해 상반기 건강검진 일정을 아래와 같이 안내드리오니, 기한 내에 예약 및 검진을 완료해 주시기 바랍니다.', NULL, 1, 'N', 20, NULL, 9999, NULL, NULL),
	(325, '문의게시판 작동하는지 문의드립니다.', 4, '2026-02-23', '삭제글', '이거 제대로 동작하나요?\n\n그리고 위에 글쓰기 할 때 태그는 어디다 쓰나요? 일반 밖에 없는데?\n\n태그 저거 지워야 하는 거 아닌가요?', NULL, 0, 'Y', 15, NULL, 7777, NULL, NULL),
	(328, '회사 재정 상황 보고서 관련', 4, '2026-02-23', '일반', '이번 분기 재정 적자가 심각한 상황인데\r\n대책 있는 사람 없습니까?\r\n\r\n또 뭐 새로운 거 개발해서 대박 나면 빚 다 갚는다는 그런 소리 하지 말고', NULL, 0, 'N', 1, NULL, 2003, NULL, NULL),
	(329, '게시글 관련', 4, '2026-02-23', '일반', '페이징을 10개를 너무 많ㅇ ㅣ줬다 \r\n한 다섯개만 주는 건데', NULL, 0, 'N', 1, NULL, 2003, NULL, NULL),
	(331, '경영 전략 회의 안내', 4, '2026-02-27', '일반', '이번 주 금요일 오전 10시 경영 전략 회의가 예정되어 있습니다.', NULL, 2, 'N', 21, NULL, 2003, NULL, NULL),
	(332, '부서 목표 설정 보고', 3, '2026-02-27', '일반', '1분기 부서 목표 설정 보고서를 제출해 주시기 바랍니다.', NULL, 9, 'N', 60, NULL, 2003, NULL, NULL),
	(333, '월간 성과 분석 보고', 4, '2026-01-10', '일반', '지난달 성과 분석 결과를 공유드립니다. 검토 후 의견 주세요.', NULL, 11, 'N', 49, NULL, 2003, NULL, NULL),
	(334, '비용 절감 방안 논의', 4, '2026-02-27', '일반', '비용 절감을 위한 부서별 방안을 다음 주까지 제출해 주세요.', NULL, 6, 'N', 35, NULL, 2003, NULL, NULL),
	(335, '인사 평가 기준 안내', 3, '2026-01-10', '일반', '올해 인사 평가 기준이 변경되었습니다. 첨부 자료 확인 바랍니다.', NULL, 2, 'N', 83, NULL, 2003, NULL, NULL),
	(336, '조직 개편 공지사항', 3, '2026-02-27', '일반', '조직 개편 관련 공지사항입니다. 세부 내용을 확인해 주십시오.', NULL, 1, 'N', 89, NULL, 2003, NULL, NULL),
	(337, '경영진 간담회 안내', 4, '2026-02-27', '일반', '다음 달 경영진 간담회 일정 및 참석 여부를 회신해 주세요.', NULL, 7, 'N', 72, NULL, 2003, NULL, NULL),
	(338, '신규 사업 검토 결과', 4, '2026-02-27', '일반', '신규 사업 타당성 검토 결과를 첨부 보고서로 공유합니다.', NULL, 9, 'N', 29, NULL, 2003, NULL, NULL),
	(339, '경영 전략 회의 안내', 4, '2026-02-27', '일반', '이번 주 금요일 오전 10시 경영 전략 회의가 예정되어 있습니다.', NULL, 2, 'N', 21, NULL, 2003, NULL, NULL),
	(340, '부서 목표 설정 보고', 3, '2026-02-27', '일반', '1분기 부서 목표 설정 보고서를 제출해 주시기 바랍니다.', NULL, 9, 'N', 60, NULL, 2003, NULL, NULL),
	(341, '월간 성과 분석 보고', 4, '2026-01-10', '삭제글', '지난달 성과 분석 결과를 공유드립니다. 검토 후 의견 주세요.', NULL, 11, 'N', 50, NULL, 2003, NULL, NULL),
	(342, '비용 절감 방안 논의', 4, '2026-02-27', '일반', '비용 절감을 위한 부서별 방안을 다음 주까지 제출해 주세요.', NULL, 6, 'N', 35, NULL, 2003, NULL, NULL),
	(343, '인사 평가 기준 안내', 3, '2026-01-10', '일반', '올해 인사 평가 기준이 변경되었습니다. 첨부 자료 확인 바랍니다.', NULL, 2, 'N', 82, NULL, 2003, NULL, NULL),
	(344, '조직 개편 공지사항', 3, '2026-02-27', '일반', '조직 개편 관련 공지사항입니다. 세부 내용을 확인해 주십시오.', NULL, 1, 'N', 89, NULL, 2003, NULL, NULL),
	(345, '경영진 간담회 안내', 4, '2026-02-27', '일반', '다음 달 경영진 간담회 일정 및 참석 여부를 회신해 주세요.', NULL, 7, 'N', 72, NULL, 2003, NULL, NULL),
	(346, '신규 사업 검토 결과', 4, '2026-02-27', '일반', '신규 사업 타당성 검토 결과를 첨부 보고서로 공유합니다.', NULL, 9, 'N', 29, NULL, 2003, NULL, NULL),
	(347, '예산 집행 현황 보고', 4, '2026-02-27', '일반', '이번 달 예산 집행 현황을 공유드리니 검토 부탁드립니다.', NULL, 2, 'N', 88, NULL, 2003, NULL, NULL),
	(348, '부서 워크샵 일정 공지', 3, '2026-01-10', '일반', '부서 워크샵은 3월 둘째 주로 예정되어 있습니다. 참석 바랍니다.', NULL, 7, 'N', 42, NULL, 2003, NULL, NULL),
	(349, '경영 지표 점검 회의', 3, '2026-01-10', '일반', '주요 경영 지표 점검 회의가 목요일 오후 2시에 있습니다.', NULL, 3, 'N', 99, NULL, 2003, NULL, NULL),
	(350, '협력사 미팅 결과 공유', 4, '2026-01-10', '일반', '협력사 미팅 결과를 공유드립니다. 후속 조치 검토 바랍니다.', NULL, 12, 'N', 100, NULL, 2003, NULL, NULL),
	(351, '분기 실적 발표 준비', 3, '2026-02-27', '일반', '분기 실적 발표 준비 자료를 이번 주 내 제출해 주십시오.', NULL, 8, 'N', 8, NULL, 2003, NULL, NULL),
	(352, '리스크 관리 방안 안내', 3, '2026-02-27', '일반', '주요 리스크 항목과 대응 방안을 정리하여 공유드립니다.', NULL, 14, 'N', 31, NULL, 2003, NULL, NULL),
	(353, '내부 감사 일정 안내', 4, '2026-01-10', '일반', '이번 내부 감사 일정은 다음 달 초로 예정되어 있습니다.', NULL, 11, 'N', 8, NULL, 2003, NULL, NULL),
	(354, '업무 프로세스 개선안', 3, '2026-02-27', '답변완료', '현행 업무 프로세스 개선안을 검토 후 의견 제출 바랍니다.', NULL, 5, 'N', 45, NULL, 2003, NULL, NULL),
	(355, '연간 사업 계획 검토', 4, '2026-01-10', '일반', '올해 연간 사업 계획 초안을 검토하고 의견 주시기 바랍니다.', NULL, 11, 'N', 53, NULL, 2003, NULL, NULL),
	(356, '경영 혁신 추진 계획', 4, '2026-02-27', '일반', '경영 혁신 추진 계획서를 공유드리니 각 팀장 확인 바랍니다.', NULL, 11, 'N', 35, NULL, 2003, NULL, NULL),
	(357, '조직 문화 개선 제안', 4, '2026-01-10', '일반', '조직 문화 개선을 위한 의견 수렴을 진행합니다. 참여 바랍니다.', NULL, 6, 'N', 10, NULL, 2003, NULL, NULL),
	(358, '사업부 성과 공유회', 3, '2026-01-10', '답변완료', '사업부 성과 공유회가 이번 주 수요일 오후에 진행됩니다.', NULL, 8, 'N', 34, NULL, 2003, NULL, NULL),
	(359, '비상 경영 대응 방안', 4, '2026-01-10', '답변완료', '비상 경영 시나리오별 대응 방안을 부서별로 준비해 주세요.', NULL, 2, 'N', 90, NULL, 2003, NULL, NULL),
	(360, '경비 사용 지침 안내', 3, '2026-01-10', '답변완료', '경비 사용 지침이 개정되었습니다. 반드시 숙지 후 적용하세요.', NULL, 5, 'N', 118, NULL, 2003, NULL, NULL),
	(361, '부서 간 협업 강화안', 4, '2026-02-27', '삭제글', '부서 간 협업 강화를 위한 방안을 논의하고자 합니다. 참석 바랍니다.', NULL, 7, 'N', 45, NULL, 2003, NULL, NULL),
	(362, '프론트 배포 완료', 19, '2026-01-03', '일반', '프론트엔드 실서버 배포 완료했습니다. 확인 바랍니다.', NULL, 12, 'N', 45, NULL, 2001, NULL, NULL),
	(363, 'DB 스키마 수정안', 20, '2026-01-05', '일반', '유저 테이블 칼럼 추가 건으로 스키마 수정했습니다.', NULL, 5, 'N', 123, NULL, 2001, NULL, NULL),
	(364, 'API 연동 테스트', 1, '2026-01-07', '일반', '결제 API 연동 테스트 중입니다. 로그 확인해주세요.', NULL, 21, 'N', 88, NULL, 2001, NULL, NULL),
	(365, '서버 재시작 안내', 21, '2026-01-09', '일반', '금일 22시에 개발 서버 재시작 예정입니다.', NULL, 3, 'N', 190, NULL, 2001, NULL, NULL),
	(366, '코드 리뷰 요청건', 22, '2026-01-11', '일반', 'PR 올렸습니다. 코드 리뷰 부탁드립니다.', NULL, 18, 'N', 23, NULL, 2001, NULL, NULL),
	(367, '버그 픽스 완료', 23, '2026-01-14', '일반', '로그인 관련 버그 픽스해서 올렸습니다.', NULL, 27, 'N', 67, NULL, 2001, NULL, NULL),
	(368, '개발 환경 세팅', 19, '2026-01-16', '일반', '로컬 개발 환경 세팅 가이드 위키에 업데이트했습니다.', NULL, 9, 'N', 155, NULL, 2001, NULL, NULL),
	(369, '주간 회의록 공유', 1, '2026-01-18', '일반', '이번 주 주간 회의록 정리해두었습니다.', NULL, 14, 'N', 34, NULL, 2001, NULL, NULL),
	(370, '스프링 버전 업', 20, '2026-01-20', '일반', '스프링부트 3.x 버전으로 업데이트 예정입니다.', NULL, 22, 'N', 111, NULL, 2001, NULL, NULL),
	(371, '로그 서버 점검', 21, '2026-01-22', '일반', '로그 서버 디스크 용량 정리 중입니다.', NULL, 4, 'N', 99, NULL, 2001, NULL, NULL),
	(372, '신규 피처 설계안', 22, '2026-01-25', '일반', '신규 푸시 알림 기능 설계안 공유합니다.', NULL, 29, 'N', 14, NULL, 2001, NULL, NULL),
	(373, '쿼리 튜닝 결과', 23, '2026-01-28', '일반', '메인 페이지 슬로우 쿼리 튜닝해서 속도 개선했습니다.', NULL, 11, 'N', 76, NULL, 2001, NULL, NULL),
	(374, 'QA 테스트 리포트', 1, '2026-01-31', '일반', '1차 QA 테스트 리포트 공유드립니다.', NULL, 17, 'N', 82, NULL, 2001, NULL, NULL),
	(375, '빌드 에러 확인좀', 19, '2026-02-02', '일반', '젠킨스 빌드 에러나는데 확인 가능하신 분 계신가요?', NULL, 2, 'N', 178, NULL, 2001, NULL, NULL),
	(376, '공통 모듈 수정', 20, '2026-02-05', '답변완료', '공통 유틸 모듈 일부 함수 수정했습니다.', NULL, 16, 'N', 45, NULL, 2001, NULL, NULL),
	(377, '사내 라이브러리', 21, '2026-02-08', '답변완료', '사내 공통 라이브러리 배포 완료되었습니다.', NULL, 25, 'N', 203, NULL, 2001, NULL, NULL),
	(378, 'Oauth 연동 작업', 22, '2026-02-11', '일반', '소셜 로그인 Oauth 연동 작업 진행 중입니다.', NULL, 8, 'N', 55, NULL, 2001, NULL, NULL),
	(379, '백오피스 개발안', 23, '2026-02-14', '일반', '관리자 페이지 백오피스 개발 일정표입니다.', NULL, 19, 'N', 132, NULL, 2001, NULL, NULL),
	(380, '캐시서버 교체건', 1, '2026-02-16', '일반', '레디스 캐시 서버 신규 장비로 교체 일정 안내합니다.', NULL, 6, 'N', 28, NULL, 2001, NULL, NULL),
	(381, '리팩토링 진행상황', 19, '2026-02-19', '답변완료', '레거시 코드 리팩토링 50% 진행되었습니다.', NULL, 24, 'N', 173, NULL, 2001, NULL, NULL),
	(382, 'AWS 인스턴스', 20, '2026-02-22', '일반', 'AWS EC2 인스턴스 타입 스케일업 완료했습니다.', NULL, 13, 'N', 50, NULL, 2001, NULL, NULL),
	(383, '깃헙 브랜치 전략', 21, '2026-02-25', '답변완료', 'git-flow 브랜치 전략 변경의 건 공유합니다.', NULL, 28, 'N', 134, NULL, 2001, NULL, NULL),
	(384, 'ERD 업데이트', 22, '2026-02-27', '삭제글', '최신 요구사항 반영해서 ERD 업데이트 했습니다.', NULL, 15, 'N', 122, NULL, 2001, NULL, NULL),
	(385, '신규 서비스 기획안', 14, '2026-01-02', '일반', '신규 서비스 1차 기획안 공유드립니다.', NULL, 12, 'N', 145, NULL, 2002, NULL, NULL),
	(386, '상반기 일정표', 2, '2026-01-05', '일반', '상반기 프로젝트 마일스톤 정리했습니다.', NULL, 4, 'N', 89, NULL, 2002, NULL, NULL),
	(387, '시장 조사 리포트', 16, '2026-01-07', '일반', '경쟁사 시장 조사 리포트 첨부합니다.', NULL, 21, 'N', 102, NULL, 2002, NULL, NULL),
	(388, '타겟 유저 분석', 15, '2026-01-10', '일반', '타겟 유저 연령대별 분석 결과입니다.', NULL, 15, 'N', 55, NULL, 2002, NULL, NULL),
	(389, 'A/B 테스트 결과', 18, '2026-01-12', '일반', '메인 화면 A/B 테스트 결과 리포트입니다.', NULL, 28, 'N', 190, NULL, 2002, NULL, NULL),
	(390, '프로젝트 킥오프', 17, '2026-01-15', '일반', '다음 주 월요일 프로젝트 킥오프 회의합니다.', NULL, 7, 'N', 42, NULL, 2002, NULL, NULL),
	(391, '마케팅 협의건', 14, '2026-01-18', '일반', '마케팅팀과 협의한 프로모션 기획안입니다.', NULL, 9, 'N', 33, NULL, 2002, NULL, NULL),
	(392, '경쟁사 앱 분석', 2, '2026-01-20', '일반', '경쟁사 신규 앱 서비스 분석 자료입니다.', NULL, 24, 'N', 110, NULL, 2002, NULL, NULL),
	(393, '사용자 여정 맵', 15, '2026-01-23', '일반', '사용자 여정 맵(User Journey)입니다.', NULL, 18, 'N', 77, NULL, 2002, NULL, NULL),
	(394, '요구사항 정의서', 16, '2026-01-26', '일반', '이번 스프린트 요구사항 정의서 올립니다.', NULL, 11, 'N', 134, NULL, 2002, NULL, NULL),
	(395, '스토리보드 초안', 18, '2026-01-28', '일반', '스토리보드 초안 작성 완료했습니다.', NULL, 3, 'N', 65, NULL, 2002, NULL, NULL),
	(396, 'KPI 달성 현황', 17, '2026-01-30', '일반', '1분기 KPI 달성 현황 대시보드입니다.', NULL, 29, 'N', 188, NULL, 2002, NULL, NULL),
	(397, '기획팀 주간 회의', 2, '2026-02-02', '일반', '기획팀 주간 회의록 위키에 올렸습니다.', NULL, 5, 'N', 24, NULL, 2002, NULL, NULL),
	(398, '서비스 정책안', 14, '2026-02-04', '일반', '신규 서비스 환불 정책안 리뷰 부탁드립니다.', NULL, 14, 'N', 96, NULL, 2002, NULL, NULL),
	(399, '아이디어 제안서', 16, '2026-02-06', '일반', '신규 비즈니스 모델 아이디어 제안합니다.', NULL, 22, 'N', 160, NULL, 2002, NULL, NULL),
	(400, '와이어프레임', 15, '2026-02-09', '일반', '모바일 웹 와이어프레임 공유합니다.', NULL, 19, 'N', 81, NULL, 2002, NULL, NULL),
	(401, '런칭 일정 지연건', 18, '2026-02-12', '일반', '외주사 이슈로 런칭 일정 지연 안내드립니다.', NULL, 2, 'N', 142, NULL, 2002, NULL, NULL),
	(402, '고객 설문조사', 17, '2026-02-14', '일반', '상반기 고객 만족도 설문조사 결과입니다.', NULL, 27, 'N', 176, NULL, 2002, NULL, NULL),
	(403, '예산안 컨펌 요청', 2, '2026-02-17', '일반', '3분기 마케팅 예산안 컨펌 요청드립니다.', NULL, 8, 'N', 48, NULL, 2002, NULL, NULL),
	(404, '협력사 미팅 요약', 14, '2026-02-19', '일반', '협력사 미팅 요약본 및 액션 아이템입니다.', NULL, 13, 'N', 59, NULL, 2002, NULL, NULL),
	(405, 'VOC 분석 리포트', 15, '2026-02-22', '답변완료', '최근 1개월 VOC 분석 리포트 공유합니다.', NULL, 25, 'N', 123, NULL, 2002, NULL, NULL),
	(406, '퍼소나 정의서', 16, '2026-02-24', '일반', '서비스 핵심 퍼소나(Persona) 정의서입니다.', NULL, 17, 'N', 93, NULL, 2002, NULL, NULL),
	(407, '화면 설계서 리뷰', 18, '2026-02-27', '일반', '화면 설계서 1차 리뷰 일정 조율 요청합니다.', NULL, 20, 'N', 157, NULL, 2002, NULL, NULL),
	(408, '1월 매출 실적 보고', 9, '2026-01-10', '일반', '1월 영업팀 전체 매출 실적 보고서입니다.', NULL, 4, 'N', 44, NULL, 2004, NULL, NULL),
	(409, '신규 거래처 확보건', 26, '2026-01-04', '일반', '이번 주 신규 발굴한 거래처 리스트 공유합니다.', NULL, 11, 'N', 128, NULL, 2004, NULL, NULL),
	(410, 'A사 미팅 결과', 9, '2026-02-26', '일반', 'A사 미팅 결과 및 향후 계획 정리했습니다.', NULL, 16, 'N', 133, NULL, 2004, NULL, NULL),
	(411, '영업팀 주간 회의', 9, '2026-02-24', '일반', '이번 주 금요일 영업팀 주간 회의 자료입니다.', NULL, 21, 'N', 50, NULL, 2004, NULL, NULL),
	(412, '프로모션 제안서', 8, '2026-02-18', '일반', '신규 클라이언트 대상 프로모션 제안서입니다.', NULL, 30, 'N', 114, NULL, 2004, NULL, NULL),
	(413, '법인차량 사용 대장', 5, '2026-01-12', '일반', '2월 법인차량 사용 대장 및 정산 내역입니다.', NULL, 15, 'N', 34, NULL, 2004, NULL, NULL),
	(414, 'B사 계약 체결건', 9, '2026-01-06', '일반', 'B사와 연간 공급 계약 체결 완료했습니다.', NULL, 17, 'N', 7, NULL, 2004, NULL, NULL),
	(415, '영업 목표 달성률', 6, '2026-01-20', '일반', '1분기 영업 목표 달성률 현황판 업데이트했습니다.', NULL, 18, 'N', 61, NULL, 2004, NULL, NULL),
	(416, '클라이언트 불만건', 26, '2026-02-05', '일반', '클라이언트 컴플레인 접수 및 대응 방안입니다.', NULL, 24, 'N', 70, NULL, 2004, NULL, NULL),
	(417, '단가 인상 안내문', 7, '2026-02-27', '일반', '3월부로 적용되는 제품 단가 인상 안내문입니다.', NULL, 20, 'N', 75, NULL, 2004, NULL, NULL),
	(418, '2월 판촉물 신청', 6, '2026-01-23', '일반', '2월 신규 판촉물 수량 파악 및 신청 받습니다.', NULL, 11, 'N', 82, NULL, 2004, NULL, NULL),
	(419, '분기별 실적 리뷰', 7, '2026-02-11', '일반', '작년 4분기 대비 실적 리뷰 자료입니다.', NULL, 7, 'N', 184, NULL, 2004, NULL, NULL),
	(420, 'C사 견적서 송부', 26, '2026-02-25', '일반', 'C사에 요청받은 신규 프로젝트 견적서입니다.', NULL, 29, 'N', 23, NULL, 2004, NULL, NULL),
	(421, '경쟁사 단가 동향', 26, '2026-02-21', '일반', '주요 경쟁사 최근 단가 동향 보고서입니다.', NULL, 4, 'N', 115, NULL, 2004, NULL, NULL),
	(422, '영업사원 교육 안내', 8, '2026-01-03', '일반', '신입 영업사원 직무 교육 일정표 공유합니다.', NULL, 18, 'N', 25, NULL, 2004, NULL, NULL),
	(423, 'D사 미수금 현황', 9, '2026-01-10', '일반', 'D사 장기 미수금 회수 진행 현황입니다.', NULL, 25, 'N', 169, NULL, 2004, NULL, NULL),
	(424, '제품 카탈로그 갱신', 6, '2026-01-31', '일반', '2026년 상반기 신규 제품 카탈로그입니다.', NULL, 15, 'N', 195, NULL, 2004, NULL, NULL),
	(425, '신규 영업 스크립트', 5, '2026-01-11', '일반', '신제품 세일즈를 위한 영업 스크립트 초안입니다.', NULL, 5, 'N', 151, NULL, 2004, NULL, NULL),
	(426, '핵심 거래처 리스트', 26, '2026-01-15', '일반', '올해 집중 관리할 핵심 거래처 리스트입니다.', NULL, 6, 'N', 76, NULL, 2004, NULL, NULL),
	(427, 'VIP 고객 사은품', 5, '2026-02-04', '일반', 'VIP 고객 대상 명절 사은품 발송 명단입니다.', NULL, 0, 'N', 96, NULL, 2004, NULL, NULL),
	(428, '지역별 매출 추이', 26, '2026-02-03', '일반', '1월 지역별 영업소 매출 추이 리포트입니다.', NULL, 2, 'N', 176, NULL, 2004, NULL, NULL),
	(429, '출장 결과 보고서', 9, '2026-01-29', '일반', '부산 지역 주요 거래처 출장 결과 보고서입니다.', NULL, 5, 'N', 175, NULL, 2004, NULL, NULL),
	(430, '대리점 간담회 공지', 8, '2026-01-28', '답변완료', '다음 달 전국 대리점 간담회 개최 공지입니다.', NULL, 0, 'N', 45, NULL, 2004, NULL, NULL),
	(436, '남포동 맛집 추천 : 대박횟집 ', 4, '2026-02-24', NULL, '[맛집 정보]\r\n🍴 식당명: 대박횟집\r\n🏠 식당 주소: 부산 금정구 금강로 276-8\r\n📏 거리: 약 15.8kmSPLIT_HERE회, 매운탕SPLIT_HERE회가 쫄깃함SPLIT_HERE회가 먹고 싶은 날 먹을 만합니다.', NULL, 0, NULL, 2, NULL, 8888, NULL, NULL),
	(437, '여기 괜찮습니다', 5, '2026-02-24', NULL, '[맛집 정보]\r\n🍴 식당명: 원조이화양곱창\r\n🏠 식당 주소: 부산 중구 중구로29번길 34\r\n📏 거리: 약 341mSPLIT_HERE곱창SPLIT_HERE야장 가능이여서 옷에 냄새 안베고 맛도 괜찮음SPLIT_HERE좋아요좋아', NULL, 0, NULL, 3, NULL, 8888, NULL, NULL),
	(438, '여기 고기요.', 6, '2026-02-24', NULL, '[맛집 정보]\r\n🍴 식당명: 테라비 남포점\r\n🏠 식당 주소: 부산 중구 남포길 24-9\r\n📏 거리: 약 227mSPLIT_HERE쿠스쿠스 닭가슴살 스테이크SPLIT_HERE양이 많음.SPLIT_HERE시간나면 가서 먹어보면 의외로 괜찮음.', NULL, 0, NULL, 4, NULL, 8888, NULL, NULL),
	(439, '밀면 추천입니다.', 6, '2026-02-24', NULL, '[맛집 정보]\r\n🍴 식당명: 육전밀면 남포점\r\n🏠 식당 주소: 부산 중구 남포길 5-1\r\n📏 거리: 약 67mSPLIT_HERE비빔밀면SPLIT_HERE양으로 보면 가격이 괜찮음.SPLIT_HERE밀면이랑 국밥도 같이 있어 든든함.', NULL, 0, NULL, 2, NULL, 8888, NULL, NULL),
	(440, '회식추천 - 박대포 소금구이', 4, '2026-02-24', NULL, '[맛집 정보]\r\n🍴 식당명: 박대포소금구이\r\n🏠 식당 주소: 부산 연제구 쌍미천로155번길 27\r\n📏 거리: 약 11.1kmSPLIT_HERE항정살, 삼겹살SPLIT_HERE고기가 부드러움SPLIT_HERE회식날 가기 좋음', NULL, 0, NULL, 2, NULL, 8888, NULL, NULL),
	(441, '족발 맛있어요', 5, '2026-02-24', '삭제글', '[맛집 정보]\r\n🍴 식당명: 원조부산족발\r\n🏠 식당 주소: 부산 중구 광복로 13-1\r\n📏 거리: 약 233mSPLIT_HERE족발SPLIT_HERE잡내가 안나며 깔끔함SPLIT_HERE다른 곳과 확실히 다릅니다', NULL, 0, NULL, 17, NULL, 8888, NULL, NULL),
	(442, '점심 분식 맛집 추천드립니다!!', 1, '2026-02-24', NULL, '[맛집 정보]\r\n🍴 식당명: 오뚝이양분식\r\n🏠 식당 주소: 부산 중구 남포길 20\r\n📏 거리: 약 182mSPLIT_HERE옛날수제돈까스+순두부세트SPLIT_HERE저렴하고 맛있고 양도 많습니다SPLIT_HERE가성비가 좋아요 옛날수제돈까스+순두부세트 가격이7,900원 입니다', NULL, 0, NULL, 4, NULL, 8888, NULL, NULL),
	(443, '아구찜 맛집 추천드립니다', 1, '2026-02-24', NULL, '[맛집 정보]\r\n🍴 식당명: 김해식당\r\n🏠 식당 주소: 부산 중구 자갈치로 51-2\r\n📏 거리: 약 156mSPLIT_HERE아구찜, 아구수육SPLIT_HERE프라이빗 룸도 있으며 맛있습니다.SPLIT_HERE노포 맛집이며 회사와 가까워 접근성이 좋습니다\r\n', NULL, 0, NULL, 6, NULL, 8888, NULL, NULL),
	(444, '남포동 완당 맛집', 2, '2026-02-24', NULL, '[맛집 정보]\r\n🍴 식당명: 18번완당집\r\n🏠 식당 주소: 부산 중구 비프광장로 31\r\n📏 거리: 약 55mSPLIT_HERE기본 완당SPLIT_HERE가성비 좋고 깔끔하게 맛있음SPLIT_HERE가성비 좋은 완당 맛집', NULL, 0, NULL, 1, NULL, 8888, NULL, NULL),
	(445, '남포동 피자 맛집', 2, '2026-02-24', '답변완료', '[맛집 정보]\r\n🍴 식당명: 스톤스트리트\r\n🏠 식당 주소: 부산 중구 용두산길 12\r\n📏 거리: 약 421mSPLIT_HERE피자 다 맛있고 청포도 샐러드 GOODSPLIT_HERE가격 대비 맛 좋음SPLIT_HERE남포동 데이트 맛집 고트', NULL, 0, NULL, 10, NULL, 8888, NULL, NULL),
	(446, '로그인 화면 시안', 10, '2026-01-10', '일반', '포털 로그인 화면 2차 디자인 시안 공유드립니다.', NULL, 4, 'N', 44, NULL, 101, NULL, NULL),
	(447, '결재 양식 리스트', 1, '2026-01-25', '일반', '기존 그룹웨어 전자결재 양식 마이그레이션 목록입니다.', NULL, 15, 'N', 149, NULL, 101, NULL, NULL),
	(448, 'DB 마이그레이션', 9, '2026-02-04', '일반', '인사 데이터 DB 마이그레이션 스크립트 작성 완료.', NULL, 28, 'N', 129, NULL, 101, NULL, NULL),
	(449, '알림톡 연동 테스트', 4, '2026-02-02', '일반', '카카오톡 알림톡 발송 API 연동 테스트 결과입니다.', NULL, 23, 'N', 114, NULL, 101, NULL, NULL),
	(450, '메뉴 트리 구조도', 1, '2026-01-12', '일반', '신규 그룹웨어 좌측 GNB 메뉴 트리 구조도입니다.', NULL, 15, 'N', 34, NULL, 101, NULL, NULL),
	(451, '다국어 처리 방안', 10, '2026-01-06', '일반', '글로벌 사용자를 위한 시스템 다국어 처리 방안입니다.', NULL, 17, 'N', 7, NULL, 101, NULL, NULL),
	(452, '보안 취약점 점검', 4, '2026-01-20', '일반', '1차 개발 서버 보안 취약점 점검 리포트입니다.', NULL, 18, 'N', 61, NULL, 101, NULL, NULL),
	(453, 'QA 시나리오 초안', 9, '2026-02-19', '일반', '기능 단위 통합 테스트(QA) 시나리오 초안입니다.', NULL, 30, 'N', 70, NULL, 101, NULL, NULL),
	(454, '모바일 웹 반응형', 6, '2026-02-27', '일반', '모바일 기기 대응을 위한 반응형 웹 구현 가이드입니다.', NULL, 20, 'N', 75, NULL, 101, NULL, NULL),
	(455, '검색 엔진 도입안', 4, '2026-01-23', '일반', '통합 검색 기능 구현을 위한 검색 엔진 도입 검토안.', NULL, 11, 'N', 82, NULL, 101, NULL, NULL),
	(456, '데이터 백업 정책', 6, '2026-02-11', '일반', '시스템 장애 대비 데이터베이스 백업 및 복구 정책.', NULL, 7, 'N', 184, NULL, 101, NULL, NULL),
	(457, '서버 아키텍처', 2, '2026-02-22', '일반', '차세대 그룹웨어 인프라 및 서버 아키텍처 설계도.', NULL, 22, 'N', 35, NULL, 101, NULL, NULL),
	(458, '부하 테스트 계획', 8, '2026-02-23', '일반', '오픈 전 시스템 성능 부하 테스트(nGrinder) 계획서.', NULL, 29, 'N', 100, NULL, 101, NULL, NULL),
	(459, '메뉴얼 작성 배분', 1, '2026-02-08', '일반', '사용자 및 관리자 매뉴얼 파트별 작성 담당자 배분건.', NULL, 3, 'N', 145, NULL, 101, NULL, NULL),
	(460, '관리자 페이지 UI', 3, '2026-02-22', '일반', '백오피스 관리자 페이지 UI/UX 와이어프레임입니다.', NULL, 25, 'N', 169, NULL, 101, NULL, NULL),
	(461, '파일 업로드 용량', 3, '2026-01-31', '일반', '게시판 및 메일 첨부파일 업로드 용량 제한 설정안.', NULL, 15, 'N', 194, NULL, 101, NULL, NULL),
	(462, '프로젝트 중간보고', 2, '2026-01-11', '일반', '프로젝트 진행률 50% 달성 중간보고 자료입니다.', NULL, 5, 'N', 151, NULL, 101, NULL, NULL),
	(463, '외부 API 명세', 4, '2026-01-14', '일반', 'ERP 및 기타 외부 시스템 연동을 위한 API 명세.', NULL, 9, 'N', 17, NULL, 101, NULL, NULL),
	(464, '오류 로그 추적', 9, '2026-01-02', '일반', '개발 서버 시스템 오류 로그 모니터링 추적 결과입니다.', NULL, 11, 'N', 162, NULL, 101, NULL, NULL),
	(465, '세션 만료 시간', 9, '2026-01-07', '일반', '보안 정책에 따른 포털 로그인 세션 만료 시간 설정.', NULL, 21, 'N', 145, NULL, 101, NULL, NULL),
	(466, '캐시 서버 세팅', 7, '2026-01-13', '일반', '조직도 조회 속도 개선을 위한 Redis 캐시 서버 세팅.', NULL, 21, 'N', 114, NULL, 101, NULL, NULL),
	(467, '사용자 권한 그룹', 7, '2026-01-02', '일반', '직책 및 부서 기반 사용자 접근 권한 그룹 정의서.', NULL, 4, 'N', 80, NULL, 101, NULL, NULL),
	(468, 'Oauth 적용 검토', 9, '2026-02-05', '답변완료', '간편 로그인을 위한 Oauth 2.0 적용 검토 결과입니다.', NULL, 18, 'N', 203, NULL, 101, NULL, NULL),
	(469, '공지사항 게시판', 1, '2026-02-25', '일반', '전사 공지사항 게시판 개발 및 단위 테스트 완료 건.', NULL, 1, 'N', 144, NULL, 101, NULL, NULL),
	(470, '일정 관리 모듈', 1, '2026-02-21', '일반', '개인 및 부서 일정 관리 캘린더 모듈 개발 진행 현황.', NULL, 12, 'N', 53, NULL, 101, NULL, NULL),
	(471, '주간 회의록 2주차', 3, '2026-01-12', '답변완료', '차세대 그룹웨어 구축 프로젝트 2주차 주간 회의록.', NULL, 11, 'N', 45, NULL, 101, NULL, NULL),
	(472, '인사모듈 설계안', 10, '2026-01-10', '일반', '신규 ERP 인사관리 모듈 화면 설계안입니다.', NULL, 4, 'N', 44, NULL, 102, NULL, NULL),
	(473, '재무제표 연동', 1, '2026-01-25', '일반', '기존 재무제표 데이터 연동 테스트 결과입니다.', NULL, 15, 'N', 149, NULL, 102, NULL, NULL),
	(474, '영업데이터 이관', 9, '2026-02-04', '일반', '영업 파트 과거 데이터 이관 스크립트입니다.', NULL, 28, 'N', 129, NULL, 102, NULL, NULL),
	(475, 'ERP 킥오프', 4, '2026-02-02', '일반', 'ERP 리뉴얼 프로젝트 킥오프 자료입니다.', NULL, 23, 'N', 114, NULL, 102, NULL, NULL),
	(476, '권한 체계 수립', 1, '2026-01-12', '일반', '부서 및 직급별 시스템 권한 체계 수립안입니다.', NULL, 15, 'N', 34, NULL, 102, NULL, NULL),
	(477, '메뉴 구조도', 10, '2026-01-06', '일반', '전체 메뉴 뎁스 및 구조도 초안입니다.', NULL, 17, 'N', 7, NULL, 102, NULL, NULL),
	(478, '결산 프로세스', 4, '2026-01-20', '일반', '월별 결산 프로세스 워크플로우 정의서입니다.', NULL, 18, 'N', 61, NULL, 102, NULL, NULL),
	(479, '레거시 DB 분석', 9, '2026-02-19', '일반', '레거시 데이터베이스 테이블 분석 자료입니다.', NULL, 30, 'N', 70, NULL, 102, NULL, NULL),
	(480, '화면 퍼블리싱', 6, '2026-02-27', '일반', '공통 화면 UI 퍼블리싱 가이드라인입니다.', NULL, 20, 'N', 75, NULL, 102, NULL, NULL),
	(481, '사용자 매뉴얼', 4, '2026-01-23', '일반', '사용자 대상 기초 매뉴얼 작성 중입니다.', NULL, 11, 'N', 82, NULL, 102, NULL, NULL),
	(482, '부서코드 체계', 6, '2026-02-11', '일반', '신규 부서코드 체계 개편안 문서입니다.', NULL, 7, 'N', 184, NULL, 102, NULL, NULL),
	(483, 'SAP 연동 모듈', 2, '2026-02-22', '일반', '외부 SAP 시스템 연동 모듈 개발건입니다.', NULL, 22, 'N', 36, NULL, 102, NULL, NULL),
	(484, '단위 테스트 결과', 8, '2026-02-23', '일반', '인사/급여 파트 단위 테스트 결과 보고서.', NULL, 29, 'N', 100, NULL, 102, NULL, NULL),
	(485, '업무 흐름도', 1, '2026-02-08', '일반', '주요 업무 흐름도(Flowchart) 공유합니다.', NULL, 3, 'N', 145, NULL, 102, NULL, NULL),
	(486, '데이터 클렌징', 3, '2026-02-22', '일반', '데이터 이관 전 클렌징 작업 진행 현황입니다.', NULL, 25, 'N', 169, NULL, 102, NULL, NULL),
	(487, '구매/자재 모듈', 3, '2026-01-31', '일반', '구매/자재 관리 모듈 요구사항 정의서.', NULL, 15, 'N', 194, NULL, 102, NULL, NULL),
	(488, '급여 명세서 UI', 2, '2026-01-11', '일반', '급여 명세서 조회 화면 UI 시안입니다.', NULL, 5, 'N', 151, NULL, 102, NULL, NULL),
	(489, '인프라 구축안', 4, '2026-01-14', '일반', 'ERP 리뉴얼 인프라 아키텍처 구축안.', NULL, 9, 'N', 17, NULL, 102, NULL, NULL),
	(490, '코드표 마스터', 9, '2026-01-02', '일반', '시스템 공통 마스터 코드표 엑셀 파일입니다.', NULL, 11, 'N', 162, NULL, 102, NULL, NULL),
	(491, '오류 보고서', 9, '2026-01-07', '일반', '통합 테스트 기간 중 발생한 오류 보고서.', NULL, 21, 'N', 144, NULL, 102, NULL, NULL),
	(492, 'UAT 진행 상황', 7, '2026-01-13', '답변완료', '사용자 인수 테스트(UAT) 진행 상황입니다.', NULL, 21, 'N', 115, NULL, 102, NULL, NULL),
	(493, '인터페이스 정의', 7, '2026-01-02', '일반', '타 시스템과의 인터페이스 정의서입니다.', NULL, 4, 'N', 80, NULL, 102, NULL, NULL),
	(494, '보안 요건 검토', 9, '2026-02-05', '답변완료', '보안팀 요청에 따른 보안 요건 검토 결과.', NULL, 18, 'N', 204, NULL, 102, NULL, NULL),
	(495, '공통 코드 관리', 1, '2026-02-25', '일반', '공통 코드 관리 화면 기능 명세서입니다.', NULL, 1, 'N', 145, NULL, 102, NULL, NULL),
	(496, '배포 일정 조정', 1, '2026-02-21', '일반', '실서버 배포 일정 및 작업자 조정안입니다.', NULL, 12, 'N', 55, NULL, 102, NULL, NULL),
	(497, 'ERP 주간 회의', 3, '2026-01-12', '일반', 'ERP 프로젝트 3주차 주간 회의록입니다.', NULL, 11, 'N', 27, NULL, 102, NULL, NULL),
	(498, '챗봇 페르소나', 2, '2026-02-13', '일반', '사내 챗봇 페르소나 및 말투 설정안입니다.', NULL, 28, 'N', 46, NULL, 103, NULL, NULL),
	(499, 'LLM 모델 선정', 2, '2026-02-23', '일반', '오픈소스 LLM 모델 성능 비교 및 선정안.', NULL, 9, 'N', 100, NULL, 103, NULL, NULL),
	(500, 'FAQ 데이터셋', 3, '2026-01-25', '일반', '사내 규정 및 FAQ 학습 데이터셋 취합본.', NULL, 14, 'N', 113, NULL, 103, NULL, NULL),
	(501, '프롬프트 튜닝', 4, '2026-02-07', '일반', '답변 품질 향상을 위한 프롬프트 튜닝 결과.', NULL, 1, 'N', 128, NULL, 103, NULL, NULL),
	(502, 'API 연동 테스트', 10, '2026-01-24', '일반', '사내 메신저 챗봇 API 연동 테스트입니다.', NULL, 0, 'N', 88, NULL, 103, NULL, NULL),
	(503, '자연어 처리', 10, '2026-02-04', '일반', '자연어 처리(NLP) 엔진 분석 보고서.', NULL, 11, 'N', 11, NULL, 103, NULL, NULL),
	(504, '인텐트 분류', 7, '2026-01-06', '일반', '주요 질문 인텐트(Intent) 분류표입니다.', NULL, 2, 'N', 115, NULL, 103, NULL, NULL),
	(505, '엔티티 추출', 5, '2026-01-03', '일반', '대화 내 핵심 엔티티(Entity) 추출 규칙.', NULL, 4, 'N', 12, NULL, 103, NULL, NULL),
	(506, '챗봇 UI 시안', 8, '2026-01-08', '일반', '웹 및 모바일 환경 챗봇 UI 시안입니다.', NULL, 16, 'N', 152, NULL, 103, NULL, NULL),
	(507, '오답 노트 정리', 6, '2026-01-31', '일반', '테스트 중 발생한 오답 및 개선 노트입니다.', NULL, 21, 'N', 166, NULL, 103, NULL, NULL),
	(508, '관리자 대시보드', 4, '2026-01-29', '일반', '챗봇 관리자 대시보드 화면 설계서입니다.', NULL, 12, 'N', 164, NULL, 103, NULL, NULL),
	(509, '사용자 피드백', 5, '2026-02-04', '일반', '베타 오픈 후 사용자 피드백 요약본입니다.', NULL, 24, 'N', 191, NULL, 103, NULL, NULL),
	(510, 'RAG 아키텍처', 10, '2026-02-17', '일반', '문서 검색 증강 생성(RAG) 아키텍처 도식화.', NULL, 23, 'N', 174, NULL, 103, NULL, NULL),
	(511, '벡터 DB 세팅', 9, '2026-02-12', '일반', '사내 문서 임베딩용 벡터 DB 세팅 결과.', NULL, 18, 'N', 145, NULL, 103, NULL, NULL),
	(512, '대화 시나리오', 5, '2026-02-17', '일반', '주요 업무별 챗봇 대화 시나리오 흐름도.', NULL, 9, 'N', 18, NULL, 103, NULL, NULL),
	(513, '토큰 사용량', 5, '2026-01-17', '일반', '일일 API 토큰 사용량 및 비용 예상치.', NULL, 22, 'N', 142, NULL, 103, NULL, NULL),
	(514, '보안 가이드라인', 3, '2026-01-23', '일반', '개인정보 보호를 위한 챗봇 보안 가이드.', NULL, 8, 'N', 143, NULL, 103, NULL, NULL),
	(515, '챗봇 아이콘', 8, '2026-02-26', '일반', '챗봇 프로필 아이콘 디자인 후보군입니다.', NULL, 11, 'N', 65, NULL, 103, NULL, NULL),
	(516, '테스트 봇 링크', 6, '2026-01-22', '일반', 'QA용 테스트 챗봇 링크 및 접속 방법 안내.', NULL, 26, 'N', 28, NULL, 103, NULL, NULL),
	(517, '사내망 연동', 8, '2026-02-04', '일반', '사내 폐쇄망 연동을 위한 방화벽 오픈 요청.', NULL, 1, 'N', 164, NULL, 103, NULL, NULL),
	(518, '인사 연동 API', 2, '2026-01-09', '일반', '인사 데이터 조회를 위한 연동 API 명세.', NULL, 29, 'N', 40, NULL, 103, NULL, NULL),
	(519, '응답 지연 개선', 3, '2026-02-10', '일반', '답변 생성 응답 지연(Latency) 개선 방안.', NULL, 20, 'N', 66, NULL, 103, NULL, NULL),
	(520, '웰컴 메시지', 5, '2026-01-13', '일반', '최초 접속 시 노출되는 웰컴 메시지 문구.', NULL, 29, 'N', 183, NULL, 103, NULL, NULL),
	(521, '에이전트 이관', 1, '2026-01-05', '일반', '상담원 채팅으로 이관하는 프로세스 설계.', NULL, 10, 'N', 139, NULL, 103, NULL, NULL),
	(522, '성능 평가 지표', 5, '2026-01-23', '일반', '챗봇 응답 정확도 등 성능 평가 지표안.', NULL, 29, 'N', 7, NULL, 103, NULL, NULL),
	(523, '도입 기안서', 7, '2026-01-26', '일반', 'AI 챗봇 도입 프로젝트 최종 기안서입니다.', NULL, 14, 'N', 86, NULL, 103, NULL, NULL),
	(524, 'AWS 아키텍처', 9, '2026-02-03', '일반', 'AWS 기반 클라우드 인프라 아키텍처 설계도.', NULL, 23, 'N', 28, NULL, 104, NULL, NULL),
	(525, 'VPC 네트워크', 7, '2026-01-10', '일반', '퍼블릭/프라이빗 VPC 네트워크 분리안.', NULL, 4, 'N', 119, NULL, 104, NULL, NULL),
	(526, 'DB 마이그레이션', 6, '2026-02-22', '일반', '온프레미스 DB의 RDS 마이그레이션 계획.', NULL, 12, 'N', 179, NULL, 104, NULL, NULL),
	(527, '도커 이미지 빌드', 6, '2026-01-17', '일반', '애플리케이션 도커 이미지 빌드 스크립트.', NULL, 27, 'N', 35, NULL, 104, NULL, NULL),
	(528, '보안 그룹 설정', 6, '2026-01-14', '일반', 'EC2 인스턴스 인바운드/아웃바운드 보안 그룹.', NULL, 20, 'N', 103, NULL, 104, NULL, NULL),
	(529, '비용 최적화안', 4, '2026-01-15', '일반', '클라우드 인프라 운영 비용 최적화 방안.', NULL, 8, 'N', 129, NULL, 104, NULL, NULL),
	(530, 'EKS 클러스터', 6, '2026-01-22', '일반', '쿠버네티스(EKS) 클러스터 구성 가이드.', NULL, 4, 'N', 128, NULL, 104, NULL, NULL),
	(531, 'CI/CD 파이프라인', 6, '2026-02-23', '일반', '깃허브 액션 기반 CI/CD 파이프라인 구축.', NULL, 24, 'N', 168, NULL, 104, NULL, NULL),
	(532, '오토 스케일링', 10, '2026-02-15', '일반', '트래픽 증감에 따른 오토 스케일링 설정.', NULL, 26, 'N', 99, NULL, 104, NULL, NULL),
	(533, '로드 밸런서', 6, '2026-02-05', '일반', 'ALB 로드 밸런서 트래픽 분산 테스트 결과.', NULL, 19, 'N', 51, NULL, 104, NULL, NULL),
	(534, 'S3 버킷 정책', 10, '2026-01-17', '일반', '정적 자원 저장을 위한 S3 버킷 권한 정책.', NULL, 28, 'N', 152, NULL, 104, NULL, NULL),
	(535, '클라우드 킥오프', 10, '2026-02-07', '일반', '전사 클라우드 전환 프로젝트 킥오프.', NULL, 14, 'N', 143, NULL, 104, NULL, NULL),
	(536, 'IAM 권한 부여', 8, '2026-01-11', '일반', '개발 및 운영 파트 IAM 계정 권한 부여건.', NULL, 30, 'N', 88, NULL, 104, NULL, NULL),
	(537, '모니터링 알람', 7, '2026-01-04', '일반', 'CloudWatch 기반 리소스 모니터링 알람.', NULL, 17, 'N', 70, NULL, 104, NULL, NULL),
	(538, '백업 정책 수립', 10, '2026-02-08', '일반', 'RDS 및 EBS 스냅샷 정기 백업 정책 수립.', NULL, 24, 'N', 103, NULL, 104, NULL, NULL),
	(539, '장애 복구 훈련', 3, '2026-02-02', '일반', '클라우드 장애 복구(DR) 모의 훈련 계획서.', NULL, 28, 'N', 130, NULL, 104, NULL, NULL),
	(540, '데이터 센터 실사', 10, '2026-02-13', '일반', '기존 데이터 센터(IDC) 장비 실사 리포트.', NULL, 8, 'N', 188, NULL, 104, NULL, NULL),
	(541, '전환 마스터플랜', 2, '2026-01-16', '일반', '클라우드 단계별 전환 마스터플랜입니다.', NULL, 9, 'N', 86, NULL, 104, NULL, NULL),
	(542, '인스턴스 타입', 5, '2026-02-19', '일반', '서비스별 적정 EC2 인스턴스 타입 산정표.', NULL, 18, 'N', 169, NULL, 104, NULL, NULL),
	(543, '네트워크 대역폭', 4, '2026-01-20', '일반', 'Direct Connect 네트워크 대역폭 산정안.', NULL, 29, 'N', 65, NULL, 104, NULL, NULL),
	(544, 'VPN 터널링', 7, '2026-02-13', '일반', '사내망과 AWS 간 VPN 터널링 구성 내역.', NULL, 30, 'N', 86, NULL, 104, NULL, NULL),
	(545, '루트 계정 관리', 7, '2026-01-28', '일반', 'AWS 루트 계정 MFA 및 보안 관리 지침.', NULL, 9, 'N', 120, NULL, 104, NULL, NULL),
	(546, 'KMS 암호화', 10, '2026-02-13', '일반', 'KMS를 활용한 민감 데이터 암호화 방안.', NULL, 23, 'N', 91, NULL, 104, NULL, NULL),
	(547, '클라우드 보안', 2, '2026-01-26', '일반', '클라우드 보안 아키텍처 표준 가이드라인.', NULL, 18, 'N', 140, NULL, 104, NULL, NULL),
	(548, '운영 매뉴얼', 9, '2026-01-16', '일반', '클라우드 인프라 운영 및 장애 대응 매뉴얼.', NULL, 9, 'N', 43, NULL, 104, NULL, NULL),
	(549, '전환 결과 보고', 7, '2026-01-29', '일반', '1단계 클라우드 전환 완료 결과 보고서.', NULL, 4, 'N', 143, NULL, 104, NULL, NULL),
	(550, 'iOS 인증서 갱신', 6, '2026-02-25', '일반', '애플 개발자 계정 iOS 인증서 갱신 완료.', NULL, 20, 'N', 120, NULL, 105, NULL, NULL),
	(551, '안드로이드 빌드', 8, '2026-02-07', '일반', '안드로이드 APK 빌드 파일 전달드립니다.', NULL, 8, 'N', 53, NULL, 105, NULL, NULL),
	(552, '푸시 알림 테스트', 6, '2026-01-17', '일반', 'FCM 기반 모바일 푸시 알림 수신 테스트.', NULL, 19, 'N', 138, NULL, 105, NULL, NULL),
	(553, '앱스토어 심사', 3, '2026-01-11', '일반', '앱스토어 및 플레이스토어 심사 제출건.', NULL, 1, 'N', 192, NULL, 105, NULL, NULL),
	(554, '하이브리드 앱', 5, '2026-01-27', '일반', '웹뷰 기반 하이브리드 앱 아키텍처 설계.', NULL, 23, 'N', 145, NULL, 105, NULL, NULL),
	(555, 'UI 컴포넌트', 3, '2026-01-20', '일반', '모바일 전용 UI/UX 컴포넌트 라이브러리.', NULL, 28, 'N', 158, NULL, 105, NULL, NULL),
	(556, '생체 인증 연동', 6, '2026-01-08', '일반', 'Face ID 및 지문 등 생체 인증 연동 방안.', NULL, 18, 'N', 183, NULL, 105, NULL, NULL),
	(557, '모바일 메인화면', 7, '2026-01-10', '일반', '모바일 오피스 앱 메인 화면 디자인 시안.', NULL, 30, 'N', 119, NULL, 105, NULL, NULL),
	(558, '딥링크 라우팅', 6, '2026-02-12', '일반', '게시물 바로가기를 위한 딥링크 라우팅.', NULL, 28, 'N', 99, NULL, 105, NULL, NULL),
	(559, '앱 아이콘 시안', 7, '2026-02-09', '일반', '모바일 앱 런처 아이콘 디자인 후보군.', NULL, 24, 'N', 66, NULL, 105, NULL, NULL),
	(560, '성능 최적화', 9, '2026-02-24', '일반', '모바일 앱 로딩 속도 및 메모리 성능 최적화.', NULL, 29, 'N', 98, NULL, 105, NULL, NULL),
	(561, '배터리 소모량', 10, '2026-01-07', '일반', '백그라운드 실행 시 배터리 소모량 측정.', NULL, 27, 'N', 10, NULL, 105, NULL, NULL),
	(562, '오프라인 모드', 9, '2026-02-18', '일반', '네트워크 단절 시 오프라인 모드 지원안.', NULL, 0, 'N', 186, NULL, 105, NULL, NULL),
	(563, '네비게이션 바', 7, '2026-01-09', '일반', '하단 네비게이션 바 메뉴 구성안입니다.', NULL, 13, 'N', 148, NULL, 105, NULL, NULL),
	(564, 'API 스펙 문서', 2, '2026-02-11', '일반', '모바일 앱 전용 백엔드 API 스펙 문서.', NULL, 0, 'N', 89, NULL, 105, NULL, NULL),
	(565, 'QA 디바이스', 2, '2026-02-05', '일반', 'QA 테스트용 모바일 디바이스 확보 리스트.', NULL, 8, 'N', 183, NULL, 105, NULL, NULL),
	(566, '보안 키패드', 1, '2026-02-18', '일반', '비밀번호 입력을 위한 보안 키패드 적용.', NULL, 10, 'N', 16, NULL, 105, NULL, NULL),
	(567, '스플래시 화면', 5, '2026-02-16', '일반', '앱 초기 구동 스플래시 화면 애니메이션.', NULL, 2, 'N', 7, NULL, 105, NULL, NULL),
	(568, '버전 관리 정책', 7, '2026-01-07', '일반', '앱 버전 네이밍 룰 및 관리 정책입니다.', NULL, 20, 'N', 14, NULL, 105, NULL, NULL),
	(569, '강제 업데이트', 6, '2026-01-20', '일반', '메이저 버전 배포 시 강제 업데이트 로직.', NULL, 29, 'N', 198, NULL, 105, NULL, NULL),
	(570, '다크 모드 지원', 3, '2026-02-03', '일반', 'OS 설정에 따른 다크 모드 테마 지원안.', NULL, 26, 'N', 123, NULL, 105, NULL, NULL),
	(571, '웹뷰 브릿지', 10, '2026-01-03', '일반', '네이티브 앱과 웹뷰 간 브릿지 통신 규격.', NULL, 10, 'N', 160, NULL, 105, NULL, NULL),
	(572, '권한 동의 창', 2, '2026-02-23', '일반', '앱 최초 실행 시 권한 허용 동의 화면.', NULL, 5, 'N', 21, NULL, 105, NULL, NULL),
	(573, '크래시 리포트', 5, '2026-02-12', '일반', 'Firebase 기반 앱 크래시 리포트 분석.', NULL, 0, 'N', 123, NULL, 105, NULL, NULL),
	(574, '사용자 가이드', 6, '2026-01-28', '일반', '모바일 오피스 앱 사용자 배포 가이드.', NULL, 26, 'N', 36, NULL, 105, NULL, NULL),
	(575, '런칭 일정 안내', 5, '2026-02-11', '일반', '모바일 앱 사내 공식 런칭 일정 안내입니다.', NULL, 2, 'N', 113, NULL, 105, NULL, NULL),
	(576, '닭갈비 맛집', 5, '2026-02-24', '답변완료', '[맛집 정보]\r\n🍴 식당명: 장인닭갈비 남포점\r\n🏠 식당 주소: 부산 중구 구덕로48번길 4-1\r\n📏 거리: 약 173mSPLIT_HERE닭갈비SPLIT_HERE너무 맵지않고 맛있음SPLIT_HERE굳!', NULL, 0, NULL, 12, NULL, 8888, NULL, NULL),
	(577, '청포도샐러드 파스타 맛집 스톤스트리트 갑시다', 3, '2026-02-24', '답변완료', '[맛집 정보]\r\n🍴 식당명: 스톤스트리트\r\n🏠 식당 주소: 부산 중구 용두산길 12\r\n📏 거리: 약 421mSPLIT_HERE청포도샐러드SPLIT_HERE인도식 화덕 빵 \'난\' 이 나옴SPLIT_HERE진짜 맛있습니다', NULL, 1, NULL, 11, NULL, 8888, NULL, NULL),
	(578, '매콤 찜닭 멕코이', 3, '2026-02-24', NULL, '[맛집 정보]\r\n🍴 식당명: 멕코이치킨\r\n🏠 식당 주소: 부산 중구 보수대로24번길 9-1\r\n📏 거리: 약 251mSPLIT_HERE매콤 간장찜닭SPLIT_HERE가성비 좋고 맛있게 매움SPLIT_HERE소주 시키고 싶은 맛', NULL, 1, NULL, 5, NULL, 8888, NULL, NULL),
	(579, '퇴사 잘하는 법', 3, '2026-02-24', '일반', '없다', NULL, 0, 'N', 5, NULL, 6666, NULL, NULL),
	(580, '농부근성 드가자', 3, '2026-02-24', '일반', '1', NULL, 0, 'N', 3, NULL, 6666, NULL, NULL),
	(581, '그린인들 우리회사 좀 좋지 않습니까?', 3, '2026-02-24', '답변완료', '1', NULL, 0, 'N', 11, NULL, 6666, NULL, NULL),
	(582, '유다빈 부장 나와라', 5, '2026-02-24', '일반', '도연정 그만가라', NULL, 0, 'N', 16, NULL, 6666, NULL, NULL),
	(583, '익명게시판 아닙니까', 3, '2026-02-24', '일반', '1', NULL, 0, 'N', 4, NULL, 6666, NULL, NULL),
	(587, '추성빈 차장 나와라.', 5, '2026-02-24', '답변완료', '다시 들어가라.', NULL, 0, 'N', 9, NULL, 6666, NULL, NULL),
	(588, '영업 게시판 글쓰기 권한을 요청합니다.', 7, '2026-02-24', '삭제글', '영업 게시판 글쓰기 권한을 요청합니다.', NULL, 0, 'Y', 5, NULL, 7777, NULL, NULL),
	(589, 'ERP 리뉴얼 프로젝트 게시판의 글쓰기 권한을 요청 합니다.', 7, '2026-02-24', '삭제글', 'ERP 리뉴얼 프로젝트 게시판의 글쓰기 권한을 요청 합니다.', NULL, 0, 'Y', 5, NULL, 7777, NULL, NULL),
	(591, '금주 금요일 보안점검있습니다', 2, '2026-02-24', '삭제글', '공지사항 확인 부탁드립니다.', NULL, 0, 'N', 2, NULL, 2002, NULL, NULL),
	(592, '금주 수요일 보안점검 있습니다.', 2, '2026-02-24', '답변완료', '공지사항 확인 부탁드립니다.', NULL, 0, 'N', 18, NULL, 2002, NULL, NULL),
	(593, 'ERP 리뉴얼 게시판 글쓰기 권한 부탁드립니다.', 2, '2026-02-24', '일반', '부탁드립니다.', NULL, 0, 'Y', 8, NULL, 7777, NULL, NULL),
	(594, '금주 수요일 보안점검있습니다.', 2, '2026-02-24', '답변완료', '공지사항 확인 부탁드립니다.', NULL, 1, 'N', 15, NULL, 102, NULL, NULL),
	(595, '남포동 근처 물꽁식당 추천드립니다^^%', 2, '2026-02-24', '답변완료', '[맛집 정보]\r\n🍴 식당명: 물꽁식당\r\n🏠 식당 주소: 부산 중구 흑교로59번길 3\r\n📏 거리: 약 775mSPLIT_HERE아구찜SPLIT_HERE맛있어요 SPLIT_HERE가성비 좋은 아구찜', NULL, 0, NULL, 18, NULL, 8888, NULL, NULL),
	(596, '아 요즘 MZ들...', 2, '2026-02-24', '답변완료', '에어팟 좀 어떻게 해줬으면 좋겠씁니다 ^^%', NULL, 1, 'N', 4, NULL, 6666, NULL, NULL),
	(597, '경영 게시판 글 권한 부탁드립니다', 2, '2026-02-24', 'null', '경영 게시판 글 권한 부탁드립니다', NULL, 0, 'Y', 11, NULL, 7777, NULL, NULL),
	(598, '경영 게시판 글쓰기 권한 부탁드립니다.', 7, '2026-02-24', '삭제글', '경영 게시판 글쓰기 권한 부탁드립니다.\n', NULL, 0, 'Y', 35, NULL, 7777, NULL, NULL),
	(599, '요즘 젊은 40대는 20대보다 나은 것 같습니다^^*', 3, '2026-02-24', '답변완료', '제 신차입니다 어떠신가요 ? ^^*', _binary 0xffd8ffe000104a46494600010100000100010000ffdb008400090607101311121313111212121512121019181315151516121518171616151518161d202821181a251d151721312125292d2e2f2e181f33383f2d372a2d2e2b010a0a0a0e0d0e150f0f1a2b1d17192d2b322d2d2d2b2b2b2b2d2b2d2b372d2d2b2b2b2d2b2b2d2b2d2d372d2d2d2b2d2d2b2b2b2d372b2d372b2d2b2d37372b2dffc000110800a6012f03012200021101031101ffc4001c0001000203010101000000000000000000000405030607020108ffc400471000020201010405080606090305000000010200031104051221310622415171071332618191a1b142527292c1d11433628293c223434453547383b2f034d2e1081517a3e3ffc400160101010100000000000000000000000000000102ffc4001811010101010100000000000000000000000011010231ffda000c03010002110311003f00ee311101111011110111101111011110111101111011110111101111011110111101111011110111101111011110111101111011110111101111011110111101111011110111101111011110111101111011110111101111011110111101111011110111101111011110111101111011110113e3300324e00e3c7b241b36c503e9ef7f96ad67fb01c409f129ede91543925afe0157e0ecb23b74a17b297fde7a87c98c41b044d62ce953765557ef5cc3e559919fa5d7f653a5f6ea6ffc34c65837089a59e986a3b6ad08f1d65cbf3d34c0fe50d57d24d31ff2f5173fc7f4703e3106f71343afca769be956c3c181f9812653e51f679e6d62f8a83f23241b844d7a9e9aece6e5a803c55c7e12c28dbba47f475149fdf507dc6058c4f8ac08c8208f54fb01111011110111101111011110111101111011110111101111011135ada1d31a56d6d3d08faad400095af02baf3c8db69e15af6f6920700dca06c57dca8a5dd95154162cc4055039924f0026bd77489ecffa64013fbfb810879feaaae0d6f2e6775482082dca545f53dac2cd538bdc10cb580469e920e415acfa6e303fa47c9c8ca84ce27bbb504f33359cb3bd325c7272f659637d666231e0ab855f6007bf3206af1f577bed75b3ef8b2f916ed4cd231945ed441fbabf94f0f5d5f513eeafe530597cc165d20cd65557d45fbabf94aeda56d352966e1d802e0163dc3131eb75eb5a9663803e3dc07ae6b46c6b98dd603b8b90141e7dbb80f7f693d9ee05ab890aef6f5dcb2a1e4a0925b1d833f16e5e3ca66541f67ecf023f7fd2f8e2476da3503d6751d9c39003901dc04914daae32ac187aa45665ace09df638ef6627e32beab585c54b360923d26e19eb0edf64b04c8f6f0953af045991d815bda09fc8422dce9bf69cfab7df1eece27cfd188e4703b82a71f6eee7e332d76e7b27a6b0f67c6045d36d6d4d0f84b5ab24f54a96dd7e3e8919f4bdb839c73c06de3607946b0606a543af2df5e04788e5ff0039cd2753a61602081c640a6d646dd63d7e238ff58071209ed38e39e6464f6342bf43ecdda74debbd53861f11e23b24b9c23676b6cac8b2962a476038c1ed1ff387ce741e8ef4e91f097f55b96f01c33fb43b3d9242b7689e2ab15802a4107911c419ee4522220222202222022220222202247d6eb52a5cb9c7ab864cd5f5fd2927215c563f60066fbcc081e1ba7c65836f2651eb7a63b36a62afaca37c734471659fc34cb7c269dabd6e9ecfd620bf8e71796b867bc2392abfba04f6bb7820014045e4028dd1ecc444abcbfca0e9c7eab4bb4753fe568ee00fb6c08244bfa73ad23fa1d89ac63d9e7aca68f7f16c4a97e921fad30b748fd72c2be6dee90748f529e6aad9aba446e0ec357a76b0a1e6a8e4815923237b7491d989eb6457b46a4158d9b4529924eeeb518b31e6cc4a12ec7b58b12647b3a4dfb52bf51d3100e012cddcb963edc72f6c7836b5a3527d250bfbf5b7e50da0b0f3b5478eefe1347b7a4fa86e5b958ef76c9fbab9f9c856ed666f4f5961f554aa83de778fc65a91bedba071fda2af6895baa455f4b57a71e3346bb55a7ed3a8b4fedda71eec4c49aaa3e8e9ab1e2d637e22291b45daea07f6cd39f00e7e4240d4ed6ac7a360b3ecd768f9895c3524f24a87fa6a7fdd99e0df676103ecaaafc80916306b2e36ba97de540400375b0b9e0588ed320ed4da96574b0deab891baa37ff57939504aae493824f6e0f64b07df6e658f89329f69ec0b2f70fe708040ea90485e0338e3db81208da5d3eaad50eba71ba7882580cfaf078e25f6c2a3528c4da81537700261893de4920013269740ea8a83277542e7bf1db338d159dc7dd02c3f485faadef51f8c89aadd63bdb8797d75fc8cc474ac39f0f198f0a39b01e39102c29d4850079bce0019f3abc71fbb3dfe983fbbff00ed1ff6cabdfa873ba91e3620fc67cfd274ff00e228fe2a7e702dc6b3f607f107fdb306a9059cd707bc58a0820e41e23983c44aff00d2f4dfe269fe22fe73da046f42cadfecd959fe681635d6e0f0f98607c713d9aae2410307238ee9e59e2398e6332a6e428096dd00712779481e383c3db21d1d25d28386b3d59dd623c794a3a2ec1db5acd39eaab15ed53c419d0765f49eab7743abd4c787581ddcf8ce3ba428ea19183a9e453ac3e1dc642da5d26d2d6ae8b62b3e0a9e3d55cf03c47a58ee5cfb23618fd19135ef27db54ea766e92e66df66ab719b96fb564d6cfed284fb66c332a4444044440444404abe93ed94d1e96dd43900205037b21779d9513788e4bbccb93d83265a4a1e9ea29d99ad0caac3f46b5b0c0b0caa960481c78100f0ee81ceb59d23d2dc4b79cbac24e4b576d4e09f50c701dc33c394aeb753a7efd60ff004ea3fce27307d3558c79b5ce31ebc91ba38020139191ded9fa389e2baeb0721147107aad6018030577b7b8293c4b761e12d23a6d7b4684ceedba919efa6acfbc5b9f648fa9d750e72da9bc9f5d29f85b34057e006f5d9dd2b90f62e0e783952c7881f4399e7ca7d7b5b8e2cbd782e337310a7b49c7a40f601e8f6c523747bb4ffe26cfe0fe4f23db6e9ffc53ff0001bf39aa87277b16debc4637aedef37ea7c2f5b3d9bbcb3c665cf16fe92e037791b2b2c87eb39dcc32f1e4b93148b6bfcc37f6ab31eaa5867e3310aa8030351701fb3401fcd2a8ea775497b2d6237557cdee8573c7798923200e1c31c73d924e8b555bf3761ea6df047ddc7c0c5130e9a8fefb50dfe9201eff00393d9aa903aa6d27d6a8a3de189f84aae9459584a9a8f3959cba3ff4b6b07c1eab80c72b9c138f5cd7d7685e395b67df6fce28db6f2114b37051cccd6f5bb61d890b945ee0704f89fc048faada375aaaaec580391eb3cb8f7ffe65b68b6784c6f28b2d237f758854a978759d8f01cc713c3881145179e39cf0cf7f1cfbf9cb7d97d26baa04362d18e1bf9ca9efdee647abe52e755a4b97cfab3e90f9875aac439003316015599029e2a78e40e5c7b66b7b474606f10a6b653baf5b67359e5919e38904cbfa57ab6e4ea83b91147c4e4fc6437db7aa3fda2df63b0f94af88129b68de79dd69f1763f8cc0f6b1e6c4f892678880924ebeefef6cfbedf9c8d10111101111026a5ba8bb76adfb2c19c852c481ebe3ca49b3637679fab7feae4e3c37b12c763e9ab555577f37e70659b8f1c83e6aae1c40623891c86f7aa65af68070aa69a551d6852371709b996b6d5e190c500c9073d7e7ca05026a6fa8595077ad5b01d41c03f9f03ed1223b7bbb259ed5a5480537fcd9cbd45fd2349764dd3de55948c8f5f84f9b334b4ab6f6a37885e22b4f4dcf731fead7bf3c7bbbc07e9df23c806c5d081f52c3ed36d84fce6e539d790ed7b5da1b9bcda5350d4b25689e8a815d65b1d9c598e7000ce4f3249e8b011110111101111012a7a5ab9d0eac769d35ea30db84b1460a0376127025b4d5bca6daa3666a508c9b53cc283dacdf8e013e2040fccfbd819e639e0000118e3cf863007ab181dd3b2ebba3da6241ab41a37049ce6aad787023040f1ff9cf91dda2dde4d601d854bf22a0e719e3d5c3e0712ac4f0099389744c5805625d89c02e84938031bc460904825b80653d58cd1d51ba3d564e76551de375907118ddf03c4f863b66b7e5276269b4fa5a2ea685a5cea115b749e01eb72cbcf1cd471c764d6ceccdaa80900a8032772ea7801c7c646d4bea2c016cbadb577fd1b067ac3208dc27f5c33fab1c7079cb446ace318e1c3b177719eefeec7afb67d0c7873e1cb08381ef55fa3f6a644acf0e098decfa3cd7871187eb119e350c9183c39c350c41016ade27780c9194c139def3b85ff2c9dee5c24579b2b72d9009cf024e38e718cbf23dfec90f4baab6873b8591812b9cafa873dd391c25a576b210ea6954e59c5a0160391a83eff6f32b8e3dd3d5badb7930d2a920328f375b6f6797595885fde22414db5b54cf90d9c8209cf1e63238f6cab979b4fce32142b52e1b7c8ad106f100f1362939c64e067b4ca4552790265458ec3ac6f976f46b5dff006fd1fcfd92ef6a2db5d4d45952e2fa93562c2016f38819c00c0f00119ab2a7b4e7866526ca1c0a1e1bee8a7c338fc66d1aca2a3a8b054e8ca6e0dba51eb3bcabbc1ebc92b9c0cb6581209ce0e080a67504b17e2a6c05b9ef3ee652b45fda2459e038f7099f6a33b8f3d7d80ea5ed716560715a1f014b7d5c312029e2063b00969aad1ee019deafd2032cd495195c87b1831ac92c832dba0f22cd2b5b4a895dc874f6258557ad6d9bc540747ca2845055b006f777281abbae091dc713cccf6202cc49c758f613db27e96ed226334bd8ddeec00f6283f3cc0a992aad9f737a35587c14e3df2ed3a4213f57a745f87fb44f3674a2fec5ad7c467e66041aba3baa3fd581e2ca3e19cc975744af3cdeb1f789f94c56748f527fac0bf65547e72359b62f6e77bfde3f940b8afa1ff5ae23c13f12d3db746f4abe95cc3f7d07e135a6d4b1e6ee7c493f8cc7bc3b8fc3f28179a9d97a21e8ea883ec7f80c4a9b34e80e059bc3200eab027d8470f7cc3bfeaf7933c96f540db45763d4d80a6bb2c618011addeac284745f4fabbec7abc0ef107d592cd07558e148eb33677b1c3773c13798a82006e43aaa4f689176132354b8ac3dc2c75de762b5555ee79c2efba4363aac4f1e4a739e46fb686b2a655386c006dea80b62284d375abc6371b76d4b4853cd0a93bb981aced45cd4ac6e16b61d70aac1113753702e554632adc00c0f6ca8d1d06c60bbc8bdb97608aa3b4927f0e27b3337fd0f462fd7dd46905948b1d1ee6b9130a6aeae1f03d3e600e592fc7b4cebbd10f24db3745baec9fa55e307ce5e01553c38a55e8af11904e5877c091e47742b4ec9a1464ef35b66f1564f39bce4efaab61b7718009009001c0ce26eb11011110111101111012b3a4bb12ad6e96ed35a3a96215ce3251b9a38f5a9c1f64b3881c41bc876ad7f57b50f6fd0741ee0e66abd39e8ced2d94b53db7d7756ee02bad48fb9620ea06df5c86ddcee907b1b94fd2ed601cc81e26527492ed9b751651abbb4e6a718657b117d608e39041e208e20881f9513a40e001bb5101593f528b8563961d5230093240da163aef0af4a46e64f1642a10e00f4c61faa3017ac73db993ba61d12d1e9dd8e976969f535f1214eff009d1fb24aa946f1c8f013510ac3bc40bbbf68589826ad3a6f61d7737c6ee0e329badfd136538e304e38c9fa5d16d2baaf394ece6b697c806ad35af5923a85d40ca87eae0b819e078c81d18d3ecf3607d7dd70a9483e6e9acb596fa8b92022f2e23279f2e73b653e5b364535a574e9b542b4508aab5d6a1540c003af039303b5ab24fe857239e0ccda7bf7dbed31e2ded91751abda6060d7656a79e28600fbd675db7cbde8fe8e8f527c5ab1f8990aef2fabf43407f7aefc960714bb5ba81c1adb47a8b38f848ffa43fd76f799d8eff2f5a93e8e8e81f69ddbf29ab74c7ca4ea768d068ba8d32a6f2d80a236fa32f2218b7712397226068fa7b4ab03db9066f4fa965365e9579ad3279b0a2a53bf7bb8360acdde9056209600800071e915ce8066d7d19e90285aa9bddc575dc9a84c1ea875ce3781e04758fbcf79c85eed0d715160182cafa86c71ddb1b4e2b4bd319e15947b982823015718c0c421430d32d745b65cba9b552aad88c862ea16b23800fbe482dc03641e53cd34e9ea4a4bea7ce79ab2e7c05c0b56d158657249e042ba91c721a50ed6daed6b835e5153d1ddc8c760c7680206cebe4776b737fd16aff32f5e1eeccc1acf26b754a4d9b4f652103d13ab3bc7d406e4d41edb5b9b31f124c2d561e409f010316a74cc8c54e18838ca30753eb0cb9064ad89a2a2cb40d45e34d57367f37658d8ee5550727c481f29969d8dab7f474f737d9adcfc84b1d3f4276a3fa3a2d49ff4d87cc40bcaf64745c7a5b43683fd8a02fcd0c95469ba22bcecda76fda0a3fdaab2af4fe4bb6cb7f6371f69917e6d2cf4fe4676bb734a93ed5abf86604faf53d0e1cf49ab7fb4f68f958258e9b6ff00445396ce63f6d0bffb9cc85a7f215af3e9dfa74f02edfcb2ca8f208ff4f5ca3ecd64fccc09b574bba2b823ff006fa8020aff00d2d59c1183c79ce43d38a346356efa227f46b3aeaa4106a27d2afc33c47a8e3b2760a7c8269fe96baf3f65107cf325a7908d9ff4b55ac3e0d50fe481c1b61ed434b38258576d6d4d9bbcf71860e3d783f39b4d9768f3e74ea03a87b596b0a07f476569579a6e3c82205e1c78f64eb55790dd90399d5378dabf82093f47e47b62d6c1bcc58c41c8debadfc08814fe48a9a2a5b7557588b7de02257919a68539008ec673c48ee54edcce9f5eb2b6e4e0c85a1e8f68ea18af4f5afb327de72658ad2a39281e0040fa1c77cf53e013ec0444404444044440f856636a419962057ea763d2e30cb9f69941adf275b3ece75b0f06336f881cdf53e47767b726b57da0fe12b6ff0021fa63e8ea6c1e2aa675a881c5edf214bf4757efafff00322d9e422cecd5d7ed46fce772881c19bc83ea3b3574fdd69e7ff81753fe2e9fb8f3bdc40e0a3c826a7fc6d3fc37fce7b5f203776ed0ac7850c7f9c4eef10387d7ff00a7efadb4beee9bff00d24aabff004ffa6fa5aeb8fd9ad17e64cecd1039568fc846cc520bddaab3d45ab553ee4cfc66c9a2f261b1ebe5a50febb1ddbe19c4dc6205369ba29b3d3d0d1e9c7fa6a7e6258d5a1a57d1aab5f0451f8491103e0027d888088880888808888088880888808888088880888808888088880888808888088880888808888088880888808888088880888808888088880888808888088880888808888088880888808888088880888808888088880888808888088880888808888088880888808888088880888808888088881fffd9, 1, 'N', 17, NULL, 6666, 'download.jpg', NULL),
	(601, '작성구현', 1, '2026-02-25', '일반', 'ㅇ', NULL, 0, 'Y', 2, NULL, 7777, NULL, NULL),
	(602, '클라우드 전환 프로젝트 게시판의 글쓰기 권한을 요청 드립니다.', 30, '2026-02-26', '일반', '클라우드 전환 프로젝트 게시판의 글쓰기 권한을 요청 드립니다.', NULL, 0, 'Y', 4, NULL, 7777, NULL, NULL);


INSERT INTO `art_favorite` (`art_fav_no`, `user_no`, `art_no`, `fav_date`) VALUES
	(10, 2, 306, '2026-02-23 16:08:21'),
	(11, 1, 321, '2026-02-24 11:09:52'),
	(12, 1, 320, '2026-02-24 11:09:54'),
	(13, 1, 318, '2026-02-24 11:09:56'),
	(14, 1, 384, '2026-02-24 11:10:25'),
	(15, 2, 384, '2026-02-24 14:35:10'),
	(16, 2, 383, '2026-02-24 14:35:12'),
	(17, 3, 596, '2026-02-24 15:18:30'),
	(18, 3, 599, '2026-02-24 15:19:16'),
	(20, 30, 360, '2026-02-26 09:31:42');


INSERT INTO `board` (`b_no`, `b_name`, `b_cate`) VALUES
	(101, '차세대 그룹웨어 구축', '프로젝트'),
	(102, 'ERP 리뉴얼', '프로젝트'),
	(103, 'AI 챗봇 도입', '프로젝트'),
	(104, '클라우드 전환', '프로젝트'),
	(105, '모바일 오피스 앱', '프로젝트'),
	(1001, '게시판관리', '관리자'),
	(1002, '회원관리', '관리자'),
	(1003, '신고관리', '관리자'),
	(1004, '삭제관리', '관리자'),
	(1005, '권한관리', '관리자'),
	(2001, '개발', '부서별'),
	(2002, '기획', '부서별'),
	(2003, '경영', '부서별'),
	(2004, '영업', '부서별'),
	(6666, '자유', '자유'),
	(7777, '문의', '공용'),
	(8888, '점심메뉴', '점심메뉴'),
	(9999, '공지사항', '공지사항');


INSERT INTO `board_access` (`ba_no`, `b_no`, `emp_no`, `ROLE`) VALUES
	(189, 2004, 1, NULL),
	(210, 2004, 5, 'ADMIN'),
	(222, 2003, 3, 'ADMIN'),
	(230, 2002, 2, 'ADMIN'),
	(232, 101, 2, NULL),
	(233, 102, 5, NULL),
	(234, 105, 3, 'ADMIN'),
	(239, 101, 7, NULL),
	(241, 101, 19, NULL);

INSERT INTO `dept` (`dept_no`, `dept_name`) VALUES
	(1, '개발'),
	(2, '기획'),
	(3, '경영'),
	(4, '영업');

INSERT INTO `emp` (`emp_no`, `emp_name`, `emp_email`, `emp_tel`, `emp_photo`, `emp_photo_name`, `dept_no`, `rnk_no`, `emp_pw`) VALUES
	(1, '지두혁', 'kjalle@naver.com', '010-1641-1803', NULL, 'dh.jpg', 1, 1, '1111'),
	(2, '추성빈', 'choousbsbsb@gmail.com', '010-1641-1803', NULL, 'sb.png', 2, 4, '1111'),
	(3, '유다빈', 'ryu_1261@naver.com', '010-1618-5789', NULL, 'yb.png', 3, 3, '1111'),
	(4, '오준곤', 'iamdemperor@gmail.com', '010-5034-1838', NULL, 'jg.png', 3, 2, '1111'),
	(5, '공병찬', 'rhdqudcks99@naver.com', '010-4637-7629', NULL, 'bc.png', 4, 5, '1111'),
	(6, '고승혁', 'kosh1105@naver.com', '010-2097-8539', NULL, 'sh.png', 4, 7, '1111'),
	(7, '강준민', 'user007@smartgreen.com', '010-7240-4091', NULL, 'default_profile2.png', 4, 6, '1111'),
	(8, '조건지', 'user008@smartgreen.com', '010-6151-6824', NULL, 'default_profile2.png', 4, 1, '1111'),
	(9, '원예준', 'user009@smartgreen.com', '010-9082-3856', NULL, 'default_profile2.png', 4, 4, '1111'),
	(10, '심원서', 'user010@smartgreen.com', '010-7817-6242', NULL, 'default_profile2.png', 3, 4, '1111'),
	(11, '강준은', 'user011@smartgreen.com', '010-1723-9188', NULL, 'default_profile2.png', 3, 7, '1111'),
	(12, '이후지', 'user012@smartgreen.com', '010-3884-5951', NULL, 'default_profile2.png', 3, 2, '1111'),
	(13, '남윤후', 'user013@smartgreen.com', '010-4665-2554', NULL, 'default_profile2.png', 3, 7, '1111'),
	(14, '문수서', 'user014@smartgreen.com', '010-9153-1716', NULL, 'default_profile2.png', 2, 7, '1111'),
	(15, '한시예', 'user015@smartgreen.com', '010-1926-6419', NULL, 'default_profile2.png', 2, 6, '1111'),
	(16, '곽지준', 'user016@smartgreen.com', '010-4511-6105', NULL, 'default_profile2.png', 2, 5, '1111'),
	(17, '백민원', 'user017@smartgreen.com', '010-7801-3545', NULL, 'default_profile2.png', 2, 3, '1111'),
	(18, '권우서', 'user018@smartgreen.com', '010-5599-9741', NULL, 'default_profile2.png', 2, 7, '1111'),
	(19, '최우서', 'user019@smartgreen.com', '010-2107-3850', NULL, 'default_profile2.png', 1, 4, '1111'),
	(20, '원현서', 'user020@smartgreen.com', '010-4174-7988', NULL, 'default_profile2.png', 1, 3, '1111'),
	(21, '조시서', 'user021@smartgreen.com', '010-6735-6251', NULL, 'default_profile2.png', 1, 5, '1111'),
	(22, '손서지', 'user022@smartgreen.com', '010-6124-6914', NULL, 'default_profile2.png', 1, 4, '1111'),
	(23, '오서민', 'user023@smartgreen.com', '010-5616-2336', NULL, 'default_profile2.png', 1, 4, '1111'),
	(24, '성재서', 'user024@smartgreen.com', '010-9033-9895', NULL, 'default_profile2.png', 3, 7, '1111'),
	(25, '오유원', 'user025@smartgreen.com', '010-7177-6602', NULL, 'default_profile2.png', 1, 7, '1111'),
	(26, '심아하', 'user026@smartgreen.com', '010-4952-9982', NULL, 'default_profile2.png', 4, 7, '1111'),
	(27, '윤예지', 'user027@smartgreen.com', '010-9187-2509', NULL, 'default_profile2.png', 3, 6, '1111'),
	(28, '곽민원', 'user028@smartgreen.com', '010-5494-1671', NULL, 'default_profile2.png', 1, 7, '1111'),
	(29, '허시도', 'user029@smartgreen.com', '010-7111-5633', NULL, 'default_profile2.png', 2, 6, '1111'),
	(30, '박채지', 'user030@smartgreen.com', '010-6415-9687', NULL, 'default_profile2.png', 2, 7, '1111'),
	(31, '노도윤', 'user031@smartgreen.com', '010-1154-3357', NULL, 'default_profile2.png', 1, 5, '1111'),
	(32, '배민서', 'user032@smartgreen.com', '010-1498-5154', NULL, 'default_profile2.png', 3, 2, '1111'),
	(33, '남지현', 'user033@smartgreen.com', '010-1127-8012', NULL, 'default_profile2.png', 4, 2, '1111'),
	(34, '엄건준', 'user034@smartgreen.com', '010-9789-1666', NULL, 'default_profile2.png', 2, 5, '1111'),
	(35, '성유하', 'user035@smartgreen.com', '010-9203-9435', NULL, 'default_profile2.png', 3, 6, '1111'),
	(36, '지서우', 'user036@smartgreen.com', '010-1539-6117', NULL, 'default_profile2.png', 1, 3, '1111'),
	(37, '서지아', 'user037@smartgreen.com', '010-4677-8393', NULL, 'default_profile2.png', 4, 5, '1111'),
	(38, '정호예', 'user038@smartgreen.com', '010-9941-7167', NULL, 'default_profile2.png', 2, 6, '1111'),
	(39, '하서호', 'user039@smartgreen.com', '010-1556-1592', NULL, 'default_profile2.png', 2, 7, '1111'),
	(40, '곽서서', 'user040@smartgreen.com', '010-2262-5986', NULL, 'default_profile2.png', 1, 7, '1111'),
	(41, '노준민', 'user041@smartgreen.com', '010-4935-9410', NULL, 'default_profile2.png', 4, 4, '1111'),
	(42, '고은지', 'user042@smartgreen.com', '010-5699-2737', NULL, 'default_profile2.png', 3, 5, '1111'),
	(43, '손재민', 'user043@smartgreen.com', '010-5819-7056', NULL, 'default_profile2.png', 2, 4, '1111'),
	(44, '유유도', 'user044@smartgreen.com', '010-4886-3820', NULL, 'default_profile2.png', 2, 5, '1111'),
	(45, '임우호', 'user045@smartgreen.com', '010-5297-2952', NULL, 'default_profile2.png', 2, 3, '1111'),
	(46, '정민서', 'user046@smartgreen.com', '010-6439-3041', NULL, 'default_profile2.png', 1, 7, '1111'),
	(47, '진주서', 'user047@smartgreen.com', '010-1770-6267', NULL, 'default_profile2.png', 1, 5, '1111'),
	(48, '임연윤', 'user048@smartgreen.com', '010-4422-4697', NULL, 'default_profile2.png', 2, 7, '1111'),
	(49, '고재우', 'user049@smartgreen.com', '010-3959-4723', NULL, 'default_profile2.png', 4, 5, '1111'),
	(50, '주재원', 'user050@smartgreen.com', '010-9920-8262', NULL, 'default_profile2.png', 1, 3, '1111'),
	(51, '남소서', 'user051@smartgreen.com', '010-4424-9172', NULL, 'default_profile2.png', 2, 4, '1111'),
	(52, '하유민', 'user052@smartgreen.com', '010-7455-9850', NULL, 'default_profile2.png', 2, 2, '1111'),
	(53, '민재도', 'user053@smartgreen.com', '010-2353-4779', NULL, 'default_profile2.png', 3, 2, '1111'),
	(54, '하도우', 'user054@smartgreen.com', '010-9947-8628', NULL, 'default_profile2.png', 1, 3, '1111'),
	(55, '장주준', 'user055@smartgreen.com', '010-2779-6823', NULL, 'default_profile2.png', 3, 7, '1111'),
	(56, '곽재건', 'user056@smartgreen.com', '010-5282-6782', NULL, 'default_profile2.png', 4, 3, '1111'),
	(57, '전서원', 'user057@smartgreen.com', '010-2422-1649', NULL, 'default_profile2.png', 3, 3, '1111'),
	(58, '나민건', 'user058@smartgreen.com', '010-3920-5886', NULL, 'default_profile2.png', 1, 4, '1111'),
	(59, '진은율', 'user059@smartgreen.com', '010-7091-5634', NULL, 'default_profile2.png', 4, 3, '1111'),
	(60, '구주윤', 'user060@smartgreen.com', '010-4917-8481', NULL, 'default_profile2.png', 2, 7, '1111'),
	(61, '방민우', 'user061@smartgreen.com', '010-9890-7627', NULL, 'default_profile2.png', 1, 7, '1111'),
	(62, '이연현', 'user062@smartgreen.com', '010-6858-7215', NULL, 'default_profile2.png', 2, 7, '1111'),
	(63, '오시원', 'user063@smartgreen.com', '010-4683-7103', NULL, 'default_profile2.png', 4, 7, '1111'),
	(64, '허소재', 'user064@smartgreen.com', '010-7969-9351', NULL, 'default_profile2.png', 3, 6, '1111'),
	(65, '성서우', 'user065@smartgreen.com', '010-5036-8819', NULL, 'default_profile2.png', 2, 3, '1111'),
	(66, '김민우', 'user066@smartgreen.com', '010-5774-8100', NULL, 'default_profile2.png', 1, 7, '1111'),
	(67, '우윤서', 'user067@smartgreen.com', '010-7877-5361', NULL, 'default_profile2.png', 2, 3, '1111'),
	(68, '방재시', 'user068@smartgreen.com', '010-2540-3484', NULL, 'default_profile2.png', 1, 6, '1111'),
	(69, '신건은', 'user069@smartgreen.com', '010-5998-7742', NULL, 'default_profile2.png', 4, 7, '1111'),
	(70, '신아하', 'user070@smartgreen.com', '010-4745-9716', NULL, 'default_profile2.png', 4, 3, '1111'),
	(71, '주우율', 'user071@smartgreen.com', '010-3965-2220', NULL, 'default_profile2.png', 4, 5, '1111'),
	(72, '차은서', 'user072@smartgreen.com', '010-7992-1473', NULL, 'default_profile2.png', 4, 5, '1111'),
	(73, '박아윤', 'user073@smartgreen.com', '010-7414-7704', NULL, 'default_profile2.png', 3, 2, '1111'),
	(74, '오윤수', 'user074@smartgreen.com', '010-1639-9193', NULL, 'default_profile2.png', 1, 3, '1111'),
	(75, '손우소', 'user075@smartgreen.com', '010-4444-9982', NULL, 'default_profile2.png', 3, 3, '1111'),
	(76, '임은호', 'user076@smartgreen.com', '010-9540-9958', NULL, 'default_profile2.png', 3, 4, '1111'),
	(77, '곽재예', 'user077@smartgreen.com', '010-1150-1565', NULL, 'default_profile2.png', 4, 5, '1111'),
	(78, '윤지아', 'user078@smartgreen.com', '010-3138-9871', NULL, 'default_profile2.png', 2, 7, '1111'),
	(79, '고아준', 'user079@smartgreen.com', '010-1458-8213', NULL, 'default_profile2.png', 3, 6, '1111'),
	(80, '임원현', 'user080@smartgreen.com', '010-8921-8441', NULL, 'default_profile2.png', 3, 3, '1111'),
	(81, '박하서', 'user081@smartgreen.com', '010-9384-5735', NULL, 'default_profile2.png', 1, 5, '1111'),
	(82, '차원예', 'user082@smartgreen.com', '010-9441-2416', NULL, 'default_profile2.png', 3, 7, '1111'),
	(83, '하현우', 'user083@smartgreen.com', '010-2708-9821', NULL, 'default_profile2.png', 1, 7, '1111'),
	(84, '심하채', 'user084@smartgreen.com', '010-2594-4840', NULL, 'default_profile2.png', 2, 5, '1111'),
	(85, '방시서', 'user085@smartgreen.com', '010-7064-2468', NULL, 'default_profile2.png', 1, 3, '1111'),
	(86, '방준하', 'user086@smartgreen.com', '010-8025-3029', NULL, 'default_profile2.png', 2, 6, '1111'),
	(87, '장하은', 'user087@smartgreen.com', '010-7947-9419', NULL, 'default_profile2.png', 1, 5, '1111'),
	(88, '신서지', 'user088@smartgreen.com', '010-3801-1768', NULL, 'default_profile2.png', 1, 3, '1111'),
	(89, '남시현', 'user089@smartgreen.com', '010-4299-3073', NULL, 'default_profile2.png', 3, 5, '1111'),
	(90, '박우준', 'user090@smartgreen.com', '010-1367-2626', NULL, 'default_profile2.png', 3, 7, '1111'),
	(91, '나우연', 'user091@smartgreen.com', '010-9441-3848', NULL, 'default_profile2.png', 4, 7, '1111'),
	(92, '방후서', 'user092@smartgreen.com', '010-9599-9629', NULL, 'default_profile2.png', 3, 7, '1111'),
	(93, '조지원', 'user093@smartgreen.com', '010-3598-2625', NULL, 'default_profile2.png', 4, 7, '1111'),
	(94, '성민서', 'user094@smartgreen.com', '010-1022-2622', NULL, 'default_profile2.png', 3, 7, '1111'),
	(95, '나서지', 'user095@smartgreen.com', '010-8300-6122', NULL, 'default_profile2.png', 3, 7, '1111'),
	(96, '노도현', 'user096@smartgreen.com', '010-5205-2262', NULL, 'default_profile2.png', 1, 5, '1111'),
	(97, '남예수', 'user097@smartgreen.com', '010-5472-9316', NULL, 'default_profile2.png', 3, 4, '1111'),
	(98, '정하윤', 'user098@smartgreen.com', '010-6483-9522', NULL, 'default_profile2.png', 2, 6, '1111'),
	(99, '천준수', 'user099@smartgreen.com', '010-8032-1091', NULL, 'default_profile2.png', 1, 7, '1111'),
	(100, '허서재', 'user100@smartgreen.com', '010-1371-1084', NULL, 'default_profile2.png', 2, 6, '1111'),
	(101, '홍민서', 'user101@smartgreen.com', '010-6536-8650', NULL, 'default_profile2.png', 1, 7, '1111'),
	(102, '구유서', 'user102@smartgreen.com', '010-6145-3567', NULL, 'default_profile2.png', 4, 5, '1111'),
	(103, '원주우', 'user103@smartgreen.com', '010-1457-7399', NULL, 'default_profile2.png', 3, 7, '1111'),
	(104, '양민주', 'user104@smartgreen.com', '010-5561-1182', NULL, 'default_profile2.png', 1, 7, '1111'),
	(105, '방준윤', 'user105@smartgreen.com', '010-3645-2189', NULL, 'default_profile2.png', 2, 7, '1111'),
	(106, '송하아', 'user106@smartgreen.com', '010-3730-3735', NULL, 'default_profile2.png', 3, 4, '1111'),
	(107, '차준호', 'user107@smartgreen.com', '010-6504-1338', NULL, 'default_profile2.png', 1, 5, '1111'),
	(108, '엄준원', 'user108@smartgreen.com', '010-6097-4688', NULL, 'default_profile2.png', 4, 4, '1111'),
	(109, '구도재', 'user109@smartgreen.com', '010-2099-6785', NULL, 'default_profile2.png', 1, 7, '1111'),
	(110, '신지도', 'user110@smartgreen.com', '010-7814-2029', NULL, 'default_profile2.png', 3, 6, '1111'),
	(111, '서지하', 'ryu_1261@naver.com', '010-4519-9355', NULL, 'default_profile2.png', 4, 3, '1111'),
	(112, '손우서', 'user112@smartgreen.com', '010-1338-7506', NULL, 'default_profile2.png', 2, 7, '1111'),
	(113, '문윤민', 'user113@smartgreen.com', '010-1169-8981', NULL, 'default_profile2.png', 1, 7, '1111'),
	(114, '서주채', 'user114@smartgreen.com', '010-1405-6417', NULL, 'default_profile2.png', 4, 6, '1111'),
	(115, '신지윤', 'user115@smartgreen.com', '010-6097-4970', NULL, 'default_profile2.png', 3, 3, '1111'),
	(116, '신지원', 'user116@smartgreen.com', '010-4313-6325', NULL, 'default_profile2.png', 1, 7, '1111'),
	(117, '황예서', 'user117@smartgreen.com', '010-6100-1871', NULL, 'default_profile2.png', 3, 7, '1111'),
	(118, '엄아지', 'user118@smartgreen.com', '010-5518-4017', NULL, 'default_profile2.png', 2, 7, '1111'),
	(119, '신건민', 'user119@smartgreen.com', '010-6198-6827', NULL, 'default_profile2.png', 4, 5, '1111'),
	(120, '전건율', 'user120@smartgreen.com', '010-1023-8737', NULL, 'default_profile2.png', 3, 4, '1111'),
	(121, '손연윤', 'user121@smartgreen.com', '010-6133-9608', NULL, 'default_profile2.png', 1, 5, '1111'),
	(122, '방유우', 'user122@smartgreen.com', '010-9408-9985', NULL, 'default_profile2.png', 2, 3, '1111'),
	(123, '한원준', 'user123@smartgreen.com', '010-9801-5025', NULL, 'default_profile2.png', 2, 7, '1111'),
	(124, '지서준', 'user124@smartgreen.com', '010-7268-6781', NULL, 'default_profile2.png', 2, 6, '1111'),
	(125, '김서도', 'user125@smartgreen.com', '010-1236-4979', NULL, 'default_profile2.png', 2, 7, '1111'),
	(126, '서예윤', 'user126@smartgreen.com', '010-6056-6026', NULL, 'default_profile2.png', 3, 7, '1111'),
	(127, '지우은', 'user127@smartgreen.com', '010-5578-8861', NULL, 'default_profile2.png', 3, 4, '1111'),
	(128, '공준주', 'user128@smartgreen.com', '010-3182-1995', NULL, 'default_profile2.png', 3, 5, '1111'),
	(129, '임우지', 'user129@smartgreen.com', '010-5332-4117', NULL, 'default_profile2.png', 1, 6, '1111'),
	(130, '유우우', 'user130@smartgreen.com', '010-2148-5363', NULL, 'default_profile2.png', 4, 5, '1111'),
	(131, '구민하', 'user131@smartgreen.com', '010-7581-4450', NULL, 'default_profile2.png', 3, 3, '1111'),
	(132, '성윤예', 'user132@smartgreen.com', '010-7251-9556', NULL, 'default_profile2.png', 2, 5, '1111'),
	(133, '전윤원', 'user133@smartgreen.com', '010-4534-2610', NULL, 'default_profile2.png', 3, 3, '1111'),
	(134, '엄지호', 'user134@smartgreen.com', '010-7662-1966', NULL, 'default_profile2.png', 4, 6, '1111'),
	(135, '문우우', 'user135@smartgreen.com', '010-8765-1723', NULL, 'default_profile2.png', 2, 6, '1111'),
	(136, '문우연', 'user136@smartgreen.com', '010-5378-6168', NULL, 'default_profile2.png', 1, 4, '1111'),
	(137, '심후채', 'user137@smartgreen.com', '010-7221-1121', NULL, 'default_profile2.png', 4, 6, '1111'),
	(138, '전준건', 'user138@smartgreen.com', '010-6684-8900', NULL, 'default_profile2.png', 3, 4, '1111'),
	(139, '조은수', 'user139@smartgreen.com', '010-7386-9079', NULL, 'default_profile2.png', 2, 4, '1111'),
	(140, '배우서', 'user140@smartgreen.com', '010-5957-8399', NULL, 'default_profile2.png', 4, 3, '1111'),
	(141, '엄하소', 'user141@smartgreen.com', '010-3459-5022', NULL, 'default_profile2.png', 4, 7, '1111'),
	(142, '최준하', 'user142@smartgreen.com', '010-6237-7626', NULL, 'default_profile2.png', 1, 5, '1111'),
	(143, '손채채', 'user143@smartgreen.com', '010-8314-8799', NULL, 'default_profile2.png', 1, 7, '1111'),
	(144, '고민우', 'user144@smartgreen.com', '010-5776-8870', NULL, 'default_profile2.png', 4, 7, '1111'),
	(145, '임윤서', 'user145@smartgreen.com', '010-7357-6714', NULL, 'default_profile2.png', 4, 5, '1111'),
	(146, '우윤현', 'user146@smartgreen.com', '010-2063-4352', NULL, 'default_profile2.png', 4, 7, '1111'),
	(147, '노우우', 'user147@smartgreen.com', '010-8425-3426', NULL, 'default_profile2.png', 3, 5, '1111'),
	(148, '방후예', 'user148@smartgreen.com', '010-9940-9316', NULL, 'default_profile2.png', 2, 4, '1111'),
	(149, '천서재', 'user149@smartgreen.com', '010-4110-3168', NULL, 'default_profile2.png', 2, 3, '1111'),
	(150, '류우소', 'user150@smartgreen.com', '010-9174-3898', NULL, 'default_profile2.png', 3, 2, '1111'),
	(151, '노예지', 'user151@smartgreen.com', '010-3794-9229', NULL, 'default_profile2.png', 4, 5, '1111'),
	(152, '전하아', 'user152@smartgreen.com', '010-8865-6748', NULL, 'default_profile2.png', 1, 6, '1111'),
	(153, '황우은', 'user153@smartgreen.com', '010-8991-9093', NULL, 'default_profile2.png', 4, 7, '1111'),
	(154, '구우민', 'user154@smartgreen.com', '010-2427-5234', NULL, 'default_profile2.png', 4, 6, '1111'),
	(155, '배서우', 'user155@smartgreen.com', '010-9761-8237', NULL, 'default_profile2.png', 2, 5, '1111'),
	(156, '안윤주', 'user156@smartgreen.com', '010-1945-8378', NULL, 'default_profile2.png', 2, 6, '1111'),
	(157, '배연윤', 'user157@smartgreen.com', '010-9821-2628', NULL, 'default_profile2.png', 3, 5, '1111'),
	(158, '허은우', 'user158@smartgreen.com', '010-6824-8594', NULL, 'default_profile2.png', 4, 4, '1111'),
	(159, '장준서', 'user159@smartgreen.com', '010-4837-1565', NULL, 'default_profile2.png', 2, 3, '1111'),
	(160, '지서윤', 'user160@smartgreen.com', '010-9458-6487', NULL, 'default_profile2.png', 2, 3, '1111'),
	(161, '노지아', 'user161@smartgreen.com', '010-6226-8712', NULL, 'default_profile2.png', 4, 6, '1111'),
	(162, '지후우', 'user162@smartgreen.com', '010-6649-5897', NULL, 'default_profile2.png', 2, 5, '1111'),
	(163, '원윤유', 'user163@smartgreen.com', '010-4098-4975', NULL, 'default_profile2.png', 3, 5, '1111'),
	(164, '유준민', 'user164@smartgreen.com', '010-5871-5098', NULL, 'default_profile2.png', 2, 4, '1111'),
	(165, '구민지', 'user165@smartgreen.com', '010-7926-9672', NULL, 'default_profile2.png', 3, 7, '1111'),
	(166, '허준우', 'user166@smartgreen.com', '010-7159-3214', NULL, 'default_profile2.png', 3, 7, '1111'),
	(167, '배시윤', 'user167@smartgreen.com', '010-9883-6037', NULL, 'default_profile2.png', 3, 5, '1111'),
	(168, '차아서', 'user168@smartgreen.com', '010-1109-7822', NULL, 'default_profile2.png', 4, 3, '1111'),
	(169, '이지현', 'user169@smartgreen.com', '010-4699-5542', NULL, 'default_profile2.png', 2, 4, '1111'),
	(170, '장서지', 'user170@smartgreen.com', '010-5412-7004', NULL, 'default_profile2.png', 2, 5, '1111'),
	(171, '신호예', 'user171@smartgreen.com', '010-1161-2473', NULL, 'default_profile2.png', 4, 3, '1111'),
	(172, '진예민', 'user172@smartgreen.com', '010-5085-4215', NULL, 'default_profile2.png', 3, 5, '1111'),
	(173, '진서준', 'user173@smartgreen.com', '010-3474-7157', NULL, 'default_profile2.png', 1, 5, '1111'),
	(174, '곽원소', 'user174@smartgreen.com', '010-2480-8678', NULL, 'default_profile2.png', 2, 4, '1111'),
	(175, '홍서우', 'user175@smartgreen.com', '010-1479-7127', NULL, 'default_profile2.png', 1, 6, '1111'),
	(176, '최우지', 'user176@smartgreen.com', '010-9543-2609', NULL, 'default_profile2.png', 4, 4, '1111'),
	(177, '나서호', 'user177@smartgreen.com', '010-7223-5397', NULL, 'default_profile2.png', 4, 6, '1111'),
	(178, '노서준', 'user178@smartgreen.com', '010-7766-4491', NULL, 'default_profile2.png', 1, 4, '1111'),
	(179, '송지준', 'user179@smartgreen.com', '010-1780-8704', NULL, 'default_profile2.png', 1, 3, '1111'),
	(180, '양채서', 'user180@smartgreen.com', '010-2427-8555', NULL, 'default_profile2.png', 2, 3, '1111'),
	(181, '최서건', 'user181@smartgreen.com', '010-3353-3902', NULL, 'default_profile2.png', 4, 7, '1111'),
	(182, '박하소', 'user182@smartgreen.com', '010-3174-1402', NULL, 'default_profile2.png', 4, 6, '1111'),
	(183, '곽민우', 'user183@smartgreen.com', '010-1592-5464', NULL, 'default_profile2.png', 1, 4, '1111'),
	(184, '황서우', 'user184@smartgreen.com', '010-4488-2572', NULL, 'default_profile2.png', 4, 3, '1111'),
	(185, '노지도', 'user185@smartgreen.com', '010-8811-8366', NULL, 'default_profile2.png', 3, 5, '1111'),
	(186, '오준은', 'user186@smartgreen.com', '010-1665-2724', NULL, 'default_profile2.png', 4, 5, '1111'),
	(187, '우아민', 'user187@smartgreen.com', '010-5970-7205', NULL, 'default_profile2.png', 2, 5, '1111'),
	(188, '안아아', 'user188@smartgreen.com', '010-7938-8644', NULL, 'default_profile2.png', 1, 3, '1111'),
	(189, '허우윤', 'user189@smartgreen.com', '010-1921-4526', NULL, 'default_profile2.png', 1, 4, '1111'),
	(190, '유예하', 'user190@smartgreen.com', '010-5911-8805', NULL, 'default_profile2.png', 4, 7, '1111'),
	(191, '신원재', 'user191@smartgreen.com', '010-3901-6222', NULL, 'default_profile2.png', 2, 3, '1111'),
	(192, '지준하', 'user192@smartgreen.com', '010-6141-6080', NULL, 'default_profile2.png', 3, 6, '1111'),
	(193, '민주윤', 'user193@smartgreen.com', '010-7205-2639', NULL, 'default_profile2.png', 4, 6, '1111'),
	(194, '신민원', 'user194@smartgreen.com', '010-2626-9049', NULL, 'default_profile2.png', 3, 6, '1111'),
	(195, '공유시', 'user195@smartgreen.com', '010-7929-5125', NULL, 'default_profile2.png', 1, 5, '1111'),
	(196, '성재서', 'user196@smartgreen.com', '010-5189-5400', NULL, 'default_profile2.png', 4, 7, '1111'),
	(197, '최민건', 'user197@smartgreen.com', '010-9832-8159', NULL, 'default_profile2.png', 2, 3, '1111'),
	(198, '손현은', 'user198@smartgreen.com', '010-3364-1539', NULL, 'default_profile2.png', 2, 5, '1111'),
	(199, '엄서주', 'user199@smartgreen.com', '010-6771-6916', NULL, 'default_profile2.png', 2, 7, '1111'),
	(200, '노지지', 'user200@smartgreen.com', '010-4269-2994', NULL, 'default_profile2.png', 2, 3, '1111'),
	(201, '주민재', 'user201@smartgreen.com', '010-6939-8226', NULL, 'default_profile2.png', 4, 3, '1111'),
	(202, '하민민', 'user202@smartgreen.com', '010-3151-3546', NULL, 'default_profile2.png', 2, 6, '1111'),
	(203, '허지윤', 'user203@smartgreen.com', '010-3947-8493', NULL, 'default_profile2.png', 3, 4, '1111'),
	(204, '방예우', 'user204@smartgreen.com', '010-8930-7729', NULL, 'default_profile2.png', 2, 4, '1111'),
	(205, '황도아', 'user205@smartgreen.com', '010-7468-8914', NULL, 'default_profile2.png', 1, 7, '1111'),
	(206, '조서원', 'user206@smartgreen.com', '010-8457-8705', NULL, 'default_profile2.png', 3, 7, '1111'),
	(207, '지준아', 'user207@smartgreen.com', '010-7961-8718', NULL, 'default_profile2.png', 1, 5, '1111'),
	(208, '노아건', 'user208@smartgreen.com', '010-8114-4632', NULL, 'default_profile2.png', 1, 6, '1111'),
	(209, '강서서', 'user209@smartgreen.com', '010-5324-9719', NULL, 'default_profile2.png', 2, 7, '1111'),
	(210, '허주윤', 'user210@smartgreen.com', '010-9572-7662', NULL, 'default_profile2.png', 2, 6, '1111'),
	(211, '손지아', 'user211@smartgreen.com', '010-8219-8805', NULL, 'default_profile2.png', 4, 7, '1111'),
	(212, '임예준', 'user212@smartgreen.com', '010-5885-4021', NULL, 'default_profile2.png', 2, 6, '1111'),
	(213, '정채우', 'user213@smartgreen.com', '010-6182-6751', NULL, 'default_profile2.png', 1, 6, '1111'),
	(214, '박유재', 'user214@smartgreen.com', '010-5974-8593', NULL, 'default_profile2.png', 1, 3, '1111'),
	(215, '엄수서', 'user215@smartgreen.com', '010-3433-4572', NULL, 'default_profile2.png', 3, 6, '1111'),
	(216, '신윤원', 'user216@smartgreen.com', '010-7199-7511', NULL, 'default_profile2.png', 3, 3, '1111'),
	(217, '오윤원', 'user217@smartgreen.com', '010-7757-4447', NULL, 'default_profile2.png', 2, 6, '1111'),
	(218, '천은시', 'user218@smartgreen.com', '010-3330-3902', NULL, 'default_profile2.png', 2, 6, '1111'),
	(219, '임하연', 'user219@smartgreen.com', '010-9559-3909', NULL, 'default_profile2.png', 3, 7, '1111'),
	(220, '손지현', 'user220@smartgreen.com', '010-8858-8199', NULL, 'default_profile2.png', 2, 6, '1111'),
	(221, '채후주', 'user221@smartgreen.com', '010-9929-2835', NULL, 'default_profile2.png', 4, 5, '1111'),
	(222, '고우연', 'user222@smartgreen.com', '010-9124-2035', NULL, 'default_profile2.png', 3, 7, '1111'),
	(223, '방유윤', 'user223@smartgreen.com', '010-1451-6378', NULL, 'default_profile2.png', 2, 6, '1111'),
	(224, '손원은', 'user224@smartgreen.com', '010-1309-3546', NULL, 'default_profile2.png', 4, 6, '1111'),
	(225, '구지시', 'user225@smartgreen.com', '010-5769-4774', NULL, 'default_profile2.png', 3, 3, '1111'),
	(226, '공우도', 'user226@smartgreen.com', '010-1021-4147', NULL, 'default_profile2.png', 3, 3, '1111'),
	(227, '정수윤', 'user227@smartgreen.com', '010-7629-6817', NULL, 'default_profile2.png', 3, 4, '1111'),
	(228, '구준지', 'user228@smartgreen.com', '010-4891-3859', NULL, 'default_profile2.png', 2, 5, '1111'),
	(229, '윤수원', 'user229@smartgreen.com', '010-9367-9786', NULL, 'default_profile2.png', 4, 7, '1111'),
	(230, '손원하', 'user230@smartgreen.com', '010-2150-5588', NULL, 'default_profile2.png', 4, 7, '1111'),
	(231, '전하민', 'user231@smartgreen.com', '010-2701-6535', NULL, 'default_profile2.png', 3, 3, '1111'),
	(232, '신우윤', 'user232@smartgreen.com', '010-1392-5850', NULL, 'default_profile2.png', 2, 6, '1111'),
	(233, '홍준건', 'user233@smartgreen.com', '010-5524-1199', NULL, 'default_profile2.png', 1, 6, '1111'),
	(234, '장우서', 'user234@smartgreen.com', '010-7260-2286', NULL, 'default_profile2.png', 3, 4, '1111'),
	(235, '송채건', 'user235@smartgreen.com', '010-7866-8895', NULL, 'default_profile2.png', 4, 5, '1111'),
	(236, '최윤준', 'user236@smartgreen.com', '010-6529-8759', NULL, 'default_profile2.png', 4, 3, '1111'),
	(237, '노지지', 'user237@smartgreen.com', '010-4748-6004', NULL, 'default_profile2.png', 2, 3, '1111'),
	(238, '원소하', 'user238@smartgreen.com', '010-3240-9529', NULL, 'default_profile2.png', 4, 7, '1111'),
	(239, '김율호', 'user239@smartgreen.com', '010-7362-9390', NULL, 'default_profile2.png', 1, 4, '1111'),
	(240, '구은건', 'user240@smartgreen.com', '010-1317-1087', NULL, 'default_profile2.png', 1, 5, '1111'),
	(241, '문시아', 'user241@smartgreen.com', '010-5831-8822', NULL, 'default_profile2.png', 1, 3, '1111'),
	(242, '정소아', 'user242@smartgreen.com', '010-4395-5880', NULL, 'default_profile2.png', 2, 5, '1111'),
	(243, '송윤준', 'user243@smartgreen.com', '010-1381-3790', NULL, 'default_profile2.png', 3, 4, '1111'),
	(244, '민준재', 'user244@smartgreen.com', '010-4016-8532', NULL, 'default_profile2.png', 3, 5, '1111'),
	(245, '구아우', 'user245@smartgreen.com', '010-5334-5038', NULL, 'default_profile2.png', 2, 7, '1111'),
	(246, '이민준', 'user246@smartgreen.com', '010-7473-2302', NULL, 'default_profile2.png', 1, 6, '1111'),
	(247, '전서원', 'user247@smartgreen.com', '010-9881-8234', NULL, 'default_profile2.png', 3, 4, '1111'),
	(248, '원원예', 'user248@smartgreen.com', '010-8796-3845', NULL, 'default_profile2.png', 1, 4, '1111'),
	(249, '구원서', 'user249@smartgreen.com', '010-1850-9835', NULL, 'default_profile2.png', 3, 6, '1111'),
	(250, '장지연', 'user250@smartgreen.com', '010-3843-2361', NULL, 'default_profile2.png', 3, 3, '1111'),
	(251, '손원은', 'user251@smartgreen.com', '010-7055-9583', NULL, 'default_profile2.png', 4, 7, '1111'),
	(252, '유주주', 'user252@smartgreen.com', '010-8806-5423', NULL, 'default_profile2.png', 1, 4, '1111'),
	(253, '원재우', 'user253@smartgreen.com', '010-7346-1784', NULL, 'default_profile2.png', 2, 6, '1111'),
	(254, '전아하', 'user254@smartgreen.com', '010-2142-6230', NULL, 'default_profile2.png', 2, 3, '1111'),
	(255, '유윤율', 'user255@smartgreen.com', '010-6008-5547', NULL, 'default_profile2.png', 2, 5, '1111'),
	(256, '구윤수', 'user256@smartgreen.com', '010-4330-4414', NULL, 'default_profile2.png', 2, 7, '1111'),
	(257, '강하소', 'user257@smartgreen.com', '010-9723-2555', NULL, 'default_profile2.png', 3, 5, '1111'),
	(258, '유윤호', 'user258@smartgreen.com', '010-3635-4826', NULL, 'default_profile2.png', 3, 6, '1111'),
	(259, '나하호', 'user259@smartgreen.com', '010-4483-9077', NULL, 'default_profile2.png', 3, 4, '1111'),
	(260, '차준재', 'user260@smartgreen.com', '010-4933-6131', NULL, 'default_profile2.png', 1, 4, '1111'),
	(261, '임준윤', 'user261@smartgreen.com', '010-4157-6610', NULL, 'default_profile2.png', 1, 6, '1111'),
	(262, '고우호', 'user262@smartgreen.com', '010-3311-8194', NULL, 'default_profile2.png', 3, 4, '1111'),
	(263, '박서우', 'user263@smartgreen.com', '010-2889-2528', NULL, 'default_profile2.png', 4, 5, '1111'),
	(264, '전서우', 'user264@smartgreen.com', '010-1735-8720', NULL, 'default_profile2.png', 4, 5, '1111'),
	(265, '곽우주', 'user265@smartgreen.com', '010-4640-4644', NULL, 'default_profile2.png', 4, 5, '1111'),
	(266, '유준하', 'user266@smartgreen.com', '010-1524-7207', NULL, 'default_profile2.png', 4, 6, '1111'),
	(267, '이윤은', 'user267@smartgreen.com', '010-5859-1377', NULL, 'default_profile2.png', 4, 3, '1111'),
	(268, '채지지', 'user268@smartgreen.com', '010-6051-5189', NULL, 'default_profile2.png', 1, 5, '1111'),
	(269, '지윤우', 'user269@smartgreen.com', '010-8654-2259', NULL, 'default_profile2.png', 1, 3, '1111'),
	(270, '윤지소', 'user270@smartgreen.com', '010-4849-7105', NULL, 'default_profile2.png', 3, 3, '1111'),
	(271, '전우재', 'user271@smartgreen.com', '010-3088-6752', NULL, 'default_profile2.png', 2, 7, '1111'),
	(272, '안주주', 'user272@smartgreen.com', '010-1835-8898', NULL, 'default_profile2.png', 2, 4, '1111'),
	(273, '신후서', 'user273@smartgreen.com', '010-4901-6492', NULL, 'default_profile2.png', 1, 7, '1111'),
	(274, '진예서', 'user274@smartgreen.com', '010-1813-3553', NULL, 'default_profile2.png', 4, 4, '1111'),
	(275, '문지소', 'user275@smartgreen.com', '010-3677-5777', NULL, 'default_profile2.png', 4, 3, '1111'),
	(276, '양준현', 'user276@smartgreen.com', '010-6066-7860', NULL, 'default_profile2.png', 1, 4, '1111'),
	(277, '하서지', 'user277@smartgreen.com', '010-9605-2771', NULL, 'default_profile2.png', 2, 4, '1111'),
	(278, '강서지', 'user278@smartgreen.com', '010-4359-9063', NULL, 'default_profile2.png', 2, 7, '1111'),
	(279, '고민서', 'user279@smartgreen.com', '010-3174-6302', NULL, 'default_profile2.png', 2, 4, '1111'),
	(280, '한준준', 'user280@smartgreen.com', '010-1059-5691', NULL, 'default_profile2.png', 3, 4, '1111'),
	(281, '손지민', 'user281@smartgreen.com', '010-4012-1007', NULL, 'default_profile2.png', 3, 4, '1111'),
	(282, '오우서', 'user282@smartgreen.com', '010-6201-8599', NULL, 'default_profile2.png', 2, 4, '1111'),
	(283, '엄민하', 'user283@smartgreen.com', '010-1295-2598', NULL, 'default_profile2.png', 1, 3, '1111'),
	(284, '임지우', 'user284@smartgreen.com', '010-7876-7511', NULL, 'default_profile2.png', 4, 6, '1111'),
	(285, '유원윤', 'user285@smartgreen.com', '010-2100-7481', NULL, 'default_profile2.png', 3, 4, '1111'),
	(286, '신후서', 'user286@smartgreen.com', '010-3326-1178', NULL, 'default_profile2.png', 3, 3, '1111'),
	(287, '박현주', 'user287@smartgreen.com', '010-6977-4195', NULL, 'default_profile2.png', 3, 4, '1111'),
	(288, '권우서', 'user288@smartgreen.com', '010-1663-4859', NULL, 'default_profile2.png', 1, 3, '1111'),
	(289, '권지준', 'user289@smartgreen.com', '010-8862-7575', NULL, 'default_profile2.png', 4, 7, '1111'),
	(290, '우민윤', 'user290@smartgreen.com', '010-5831-8453', NULL, 'default_profile2.png', 1, 7, '1111'),
	(291, '고서예', 'user291@smartgreen.com', '010-3069-2173', NULL, 'default_profile2.png', 4, 7, '1111'),
	(292, '조지수', 'user292@smartgreen.com', '020-3766-7856', NULL, 'default_profile2.png', 3, 7, '1111'),
	(293, '강예지', 'user293@smartgreen.com', '020-2062-9577', NULL, 'default_profile2.png', 3, 7, '1111'),
	(294, '강지윤', 'user294@smartgreen.com', '010-3798-6069', NULL, 'default_profile2.png', 1, 4, '1111'),
	(295, '차윤지', 'user295@smartgreen.com', '010-7453-7504', NULL, 'default_profile2.png', 1, 7, '1111'),
	(296, '김원우', 'user296@smartgreen.com', '010-4061-3326', NULL, 'default_profile2.png', 1, 7, '1111'),
	(297, '조아서', 'user297@smartgreen.com', '010-8390-3954', NULL, 'default_profile2.png', 1, 7, '1111'),
	(298, '남소하', 'user298@smartgreen.com', '020-8808-2093', NULL, 'default_profile2.png', 2, 7, '1111'),
	(299, '배시서', 'user299@smartgreen.com', '010-6475-8952', NULL, 'default_profile2.png', 4, 6, '1111'),
	(300, '손원지', 'user300@smartgreen.com', '010-7964-4143', NULL, 'default_profile2.png', 1, 5, '1111');

INSERT INTO `emp_prj` (`emp_no`, `prj_no`, `prj_role`) VALUES
	(1, 1, 'PL'),
	(2, 2, 'Member'),
	(3, 3, 'Member'),
	(4, 3, 'Member'),
	(4, 4, 'Member'),
	(7, 2, 'PL'),
	(7, 1, 'Member'),
	(8, 1, 'Member'),
	(8, 10, 'Member'),
	(9, 11, 'Member'),
	(9, 4, 'PL'),
	(10, 4, 'Member'),
	(10, 5, 'Member'),
	(10, 3, 'Member'),
	(11, 1, 'Member'),
	(11, 5, 'Member'),
	(12, 5, 'PL'),
	(14, 5, 'Member'),
	(17, 5, 'Member'),
	(17, 4, 'Member'),
	(19, 3, 'PL'),
	(19, 7, 'PM'),
	(21, 3, 'Member'),
	(22, 7, 'Member'),
	(22, 10, 'PL'),
	(23, 9, 'Member'),
	(23, 10, 'Member'),
	(24, 7, 'Member'),
	(25, 1, 'Member'),
	(29, 3, 'Member'),
	(29, 11, 'Member'),
	(29, 10, 'PM'),
	(33, 8, 'PL'),
	(34, 9, 'PM'),
	(37, 10, 'Member'),
	(38, 1, 'Member'),
	(39, 1, 'Member'),
	(41, 1, 'Member'),
	(41, 9, 'Member'),
	(42, 1, 'Member'),
	(43, 9, 'Member'),
	(43, 11, 'PL'),
	(44, 2, 'Member'),
	(44, 4, 'Member'),
	(45, 10, 'Member'),
	(46, 2, 'PM'),
	(48, 2, 'Member'),
	(51, 1, 'Member'),
	(51, 9, 'Member'),
	(52, 4, 'Member'),
	(52, 9, 'Member'),
	(52, 5, 'Member'),
	(53, 1, 'Member'),
	(54, 6, 'Member'),
	(55, 1, 'Member'),
	(56, 10, 'PL'),
	(58, 8, 'Member'),
	(59, 11, 'Member'),
	(60, 11, 'Member'),
	(62, 10, 'Member'),
	(63, 9, 'Member'),
	(64, 6, 'Member'),
	(65, 9, 'Member'),
	(68, 2, 'Member'),
	(69, 4, 'Member'),
	(70, 8, 'Member'),
	(70, 10, 'Member'),
	(70, 4, 'Member'),
	(72, 2, 'Member'),
	(73, 2, 'Member'),
	(73, 8, 'Member'),
	(73, 5, 'Member'),
	(74, 4, 'PM'),
	(76, 5, 'Member'),
	(77, 8, 'Member'),
	(78, 2, 'Member'),
	(78, 1, 'Member'),
	(79, 10, 'Member'),
	(79, 6, 'Member'),
	(79, 9, 'Member'),
	(80, 8, 'Member'),
	(81, 5, 'Member'),
	(82, 8, 'Member'),
	(85, 9, 'Member'),
	(86, 4, 'Member'),
	(87, 4, 'PM'),
	(88, 5, 'Member'),
	(88, 3, 'Member'),
	(89, 5, 'Member'),
	(91, 8, 'PL'),
	(92, 9, 'Member'),
	(92, 7, 'Member'),
	(93, 7, 'Member'),
	(93, 2, 'Member'),
	(93, 6, 'Member'),
	(95, 10, 'Member'),
	(96, 11, 'Member'),
	(96, 4, 'Member'),
	(96, 9, 'Member'),
	(97, 8, 'Member'),
	(98, 4, 'Member'),
	(99, 9, 'PL'),
	(100, 6, 'Member'),
	(100, 9, 'Member'),
	(101, 9, 'Member'),
	(101, 6, 'Member'),
	(101, 8, 'Member'),
	(102, 8, 'Member'),
	(103, 9, 'Member'),
	(103, 10, 'Member'),
	(103, 11, 'Member'),
	(104, 9, 'Member'),
	(105, 10, 'Member'),
	(105, 8, 'Member'),
	(106, 5, 'Member'),
	(106, 11, 'Member'),
	(107, 2, 'Member'),
	(107, 4, 'Member'),
	(108, 5, 'Member'),
	(109, 10, 'Member'),
	(110, 6, 'Member'),
	(111, 8, 'PL'),
	(112, 11, 'Member'),
	(113, 11, 'Member'),
	(113, 9, 'PM'),
	(113, 2, 'PL'),
	(115, 3, 'Member'),
	(116, 4, 'Member'),
	(117, 3, 'Member'),
	(118, 2, 'PL'),
	(120, 6, 'Member'),
	(122, 7, 'Member'),
	(123, 7, 'Member'),
	(125, 7, 'Member'),
	(126, 1, 'Member'),
	(126, 8, 'Member'),
	(127, 3, 'Member'),
	(128, 4, 'Member'),
	(128, 8, 'Member'),
	(128, 7, 'Member'),
	(129, 1, 'Member'),
	(130, 11, 'Member'),
	(130, 4, 'Member'),
	(131, 5, 'Member'),
	(131, 3, 'Member'),
	(132, 4, 'Member'),
	(133, 10, 'Member'),
	(133, 11, 'Member'),
	(135, 3, 'Member'),
	(136, 10, 'Member'),
	(137, 7, 'Member'),
	(137, 4, 'Member'),
	(138, 5, 'Member'),
	(138, 7, 'Member'),
	(139, 10, 'Member'),
	(139, 7, 'Member'),
	(140, 5, 'Member'),
	(140, 4, 'Member'),
	(140, 2, 'Member'),
	(141, 3, 'Member'),
	(142, 4, 'PL'),
	(143, 6, 'Member'),
	(144, 9, 'PL'),
	(145, 8, 'Member'),
	(146, 6, 'Member'),
	(147, 4, 'Member'),
	(147, 1, 'Member'),
	(147, 6, 'Member'),
	(148, 11, 'PL'),
	(149, 5, 'Member'),
	(149, 1, 'PL'),
	(151, 8, 'Member'),
	(151, 9, 'Member'),
	(152, 11, 'Member'),
	(154, 7, 'Member'),
	(155, 8, 'Member'),
	(156, 3, 'PL'),
	(156, 4, 'Member'),
	(157, 1, 'Member'),
	(158, 4, 'Member'),
	(159, 7, 'Member'),
	(159, 11, 'Member'),
	(159, 3, 'Member'),
	(161, 5, 'PL'),
	(162, 4, 'Member'),
	(162, 3, 'Member'),
	(162, 9, 'Member'),
	(163, 7, 'Member'),
	(165, 4, 'Member'),
	(165, 10, 'Member'),
	(166, 5, 'Member'),
	(167, 3, 'Member'),
	(167, 8, 'Member'),
	(168, 5, 'Member'),
	(168, 10, 'Member'),
	(169, 10, 'Member'),
	(169, 11, 'Member'),
	(169, 9, 'Member'),
	(170, 4, 'Member'),
	(170, 2, 'Member'),
	(170, 5, 'Member'),
	(171, 3, 'Member'),
	(171, 10, 'Member'),
	(171, 4, 'Member'),
	(172, 3, 'Member'),
	(174, 2, 'Member'),
	(175, 4, 'Member'),
	(176, 7, 'Member'),
	(176, 6, 'Member'),
	(176, 5, 'Member'),
	(177, 7, 'Member'),
	(177, 3, 'Member'),
	(178, 10, 'Member'),
	(179, 2, 'Member'),
	(180, 10, 'Member'),
	(180, 8, 'Member'),
	(181, 10, 'Member'),
	(181, 9, 'PL'),
	(182, 10, 'Member'),
	(182, 5, 'Member'),
	(182, 9, 'Member'),
	(183, 1, 'PL'),
	(184, 11, 'Member'),
	(184, 4, 'Member'),
	(184, 3, 'Member'),
	(185, 10, 'Member'),
	(186, 2, 'Member'),
	(187, 8, 'Member'),
	(188, 4, 'Member'),
	(189, 1, 'Member'),
	(190, 2, 'PL'),
	(191, 1, 'Member'),
	(192, 2, 'Member'),
	(192, 9, 'Member'),
	(192, 3, 'Member'),
	(193, 4, 'Member'),
	(194, 11, 'PL'),
	(195, 2, 'PM'),
	(195, 7, 'Member'),
	(196, 3, 'Member'),
	(196, 5, 'PM'),
	(196, 2, 'Member'),
	(198, 9, 'PL'),
	(198, 7, 'Member'),
	(199, 3, 'Member'),
	(199, 5, 'Member'),
	(200, 7, 'Member'),
	(200, 6, 'Member'),
	(201, 1, 'PL'),
	(202, 4, 'Member'),
	(203, 11, 'Member'),
	(203, 10, 'Member'),
	(204, 5, 'Member'),
	(206, 1, 'Member'),
	(206, 9, 'Member'),
	(207, 4, 'PL'),
	(207, 1, 'PM'),
	(208, 10, 'Member'),
	(209, 6, 'PL'),
	(210, 9, 'Member'),
	(210, 2, 'Member'),
	(211, 8, 'Member'),
	(212, 7, 'Member'),
	(213, 5, 'Member'),
	(214, 8, 'PM'),
	(214, 6, 'Member'),
	(214, 10, 'PL'),
	(216, 10, 'Member'),
	(216, 1, 'PL'),
	(217, 6, 'Member'),
	(218, 1, 'Member'),
	(220, 5, 'PL'),
	(220, 10, 'Member'),
	(221, 11, 'PM'),
	(223, 4, 'Member'),
	(223, 11, 'Member'),
	(225, 4, 'Member'),
	(226, 6, 'Member'),
	(226, 3, 'Member'),
	(226, 1, 'Member'),
	(227, 10, 'Member'),
	(227, 7, 'Member'),
	(228, 6, 'Member'),
	(229, 4, 'Member'),
	(229, 5, 'Member'),
	(230, 10, 'Member'),
	(230, 3, 'Member'),
	(230, 4, 'Member'),
	(231, 10, 'Member'),
	(232, 6, 'Member'),
	(232, 8, 'Member'),
	(233, 5, 'Member'),
	(234, 4, 'Member'),
	(235, 2, 'Member'),
	(236, 11, 'Member'),
	(236, 10, 'Member'),
	(236, 8, 'Member'),
	(237, 5, 'Member'),
	(238, 11, 'PM'),
	(238, 7, 'Member'),
	(238, 9, 'Member'),
	(239, 1, 'Member'),
	(241, 10, 'Member'),
	(241, 8, 'Member'),
	(243, 4, 'Member'),
	(244, 3, 'Member'),
	(244, 7, 'Member'),
	(246, 1, 'Member'),
	(247, 8, 'PL'),
	(247, 7, 'PL'),
	(248, 10, 'Member'),
	(250, 10, 'Member'),
	(251, 8, 'PM'),
	(251, 9, 'Member'),
	(252, 3, 'Member'),
	(253, 4, 'Member'),
	(254, 1, 'Member'),
	(254, 10, 'Member'),
	(254, 6, 'Member'),
	(255, 4, 'Member'),
	(256, 5, 'Member'),
	(256, 3, 'Member'),
	(257, 6, 'Member'),
	(258, 6, 'Member'),
	(259, 1, 'Member'),
	(259, 4, 'Member'),
	(259, 10, 'Member'),
	(260, 8, 'Member'),
	(260, 2, 'PM'),
	(261, 8, 'Member'),
	(262, 8, 'Member'),
	(263, 1, 'Member'),
	(264, 10, 'PL'),
	(265, 10, 'Member'),
	(265, 2, 'PL'),
	(266, 1, 'Member'),
	(267, 1, 'Member'),
	(267, 10, 'Member'),
	(269, 1, 'Member'),
	(270, 6, 'Member'),
	(270, 10, 'PL'),
	(271, 7, 'Member'),
	(272, 6, 'Member'),
	(272, 11, 'Member'),
	(273, 1, 'Member'),
	(273, 7, 'Member'),
	(274, 10, 'Member'),
	(275, 9, 'Member'),
	(276, 8, 'Member'),
	(277, 2, 'Member'),
	(278, 9, 'Member'),
	(278, 7, 'Member'),
	(278, 5, 'Member'),
	(279, 9, 'Member'),
	(279, 6, 'Member'),
	(279, 11, 'Member'),
	(280, 10, 'Member'),
	(281, 1, 'Member'),
	(281, 10, 'Member'),
	(282, 2, 'Member'),
	(282, 7, 'PL'),
	(283, 4, 'Member'),
	(284, 9, 'Member'),
	(285, 9, 'Member'),
	(286, 6, 'Member'),
	(287, 7, 'Member'),
	(288, 1, 'Member'),
	(290, 5, 'Member'),
	(291, 4, 'Member'),
	(292, 5, 'Member'),
	(293, 4, 'Member'),
	(294, 11, 'Member'),
	(294, 7, 'Member'),
	(295, 5, 'Member'),
	(296, 3, 'PL'),
	(296, 4, 'PL'),
	(297, 1, 'Member'),
	(298, 3, 'Member'),
	(299, 10, 'Member'),
	(300, 4, 'Member'),
	(1, 2, 'Member'),
	(1, 3, 'Member'),
	(1, 4, 'Member');


INSERT INTO `msg` (`msg_no`, `msg_title`, `from_id`, `to_id`, `msg_content`, `msg_datetime`, `msg_is_read`) VALUES
	(55, '쪽지 테스트입니다.', 4, 3, '쪽지를 테스트 합니다.', '2026-02-23', 1),
	(56, '쪽지 테스트입니다.', 4, 4, '이거 왜 나한테도 써지지', '2026-02-23', 1),
	(57, '안녕하세여', 5, 4, '반갑습니다', '2026-02-23', 1),
	(58, '앗프고', 5, 1, '맷콤하다', '2026-02-23', 1),
	(59, 're:안녕하세요', 4, 5, '저도 반갑습니다', '2026-02-24', 1),
	(60, '휴가 잘 다녀오셨습니까^^*', 3, 1, '이번 휴가를 잘 보내고 오셨습니까', '2026-02-24', 1),
	(61, '우서 사원님 공지사항 확인 부탁드립니다.', 2, 18, '공지 보세요~~^^%', '2026-02-24', 0),
	(62, '공지 확인 부탁합니다', 1, 2, '공지 보세요^^**', '2026-02-24', 1),
	(63, '확인했습니다 대표님 충성^^%', 2, 1, '충성충성^^%', '2026-02-24', 1),
	(64, '반갑습니다!', 30, 3, '1', '2026-02-26', 0);


INSERT INTO `prj` (`prj_no`, `prj_name`, `description`, `end_date`, `prj_priority`, `prj_board`) VALUES
	(1, '차세대 그룹웨어 구축', '차세대 그룹웨어 구축 프로젝트입니다.', '2026-07-11', 1, 101),
	(2, 'ERP 리뉴얼', 'ERP 리뉴얼 프로젝트입니다.', '2026-10-25', 2, 102),
	(3, 'AI 챗봇 도입', 'AI 챗봇 도입 프로젝트입니다.', '2026-07-12', 2, 103),
	(4, '클라우드 전환', '클라우드 전환 프로젝트입니다.', '2026-07-22', 3, 104),
	(5, '모바일 오피스 앱', '모바일 오피스 앱 프로젝트입니다.', '2026-11-09', 2, 105),
	(100000, '보안 관제 고도화', '보안 관제 고도화 프로젝트입니다.', '2026-08-02', 3, 107),
	(100001, '빅데이터 분석 플랫폼', '빅데이터 분석 플랫폼 프로젝트입니다.', '2026-10-24', 2, 106),
	(100002, '스마트 팩토리 연동', '스마트 팩토리 연동 프로젝트입니다.', '2026-12-03', 3, 108),
	(100003, '블록체인 인증 시스템', '블록체인 인증 시스템 프로젝트입니다.', '2026-09-12', 2, 109),
	(100004, '메타버스 협업 툴', '메타버스 협업 툴 프로젝트입니다.', '2026-04-17', 1, 110),
	(100005, 'HR 평가 시스템 개편', 'HR 평가 시스템 개편 프로젝트입니다.', '2026-03-18', 1, 111);

INSERT INTO `pw_reset` (`emp_no`, `try_count`, `last_try`, `auth_code`, `expiry_time`, `is_verified`) VALUES
	('299', 0, '2026-02-23 15:41:47', '752108', '2026-02-23 15:46:47', '0');

INSERT INTO `reply` (`re_no`, `art_no`, `user_no`, `re_date`, `re_content`, `re_isdeleted`) VALUES
	(35, 304, 1, '2026-02-23', '완료', NULL),
	(36, 308, 1, '2026-02-23', '완료', NULL),
	(37, 309, 4, '2026-02-23', '이거 그래서 텍스트 언제 고칠겁니까?\n\n아 고쳐졌네 취소', NULL),
	(38, 315, 4, '2026-02-23', '없음? 무법천지네 아주 그냥\nㄹㅇ 아무거나 다써도 되겠네', NULL),
	(40, 326, 3, '2026-02-23', '도연정 업.', NULL),
	(41, 326, 3, '2026-02-23', '도연정 업2', NULL),
	(42, 326, 3, '2026-02-23', '돈쭐내러 갑시다~', NULL),
	(43, 307, 3, '2026-02-23', '확인했습니다.', NULL),
	(44, 326, 5, '2026-02-23', '꽉질립니다', NULL),
	(47, 325, 3, '2026-02-24', '조용히 하세요', NULL),
	(48, 589, 1, '2026-02-24', '권한 드렸습니다.', NULL),
	(50, 384, 1, '2026-02-24', '굿굿', NULL),
	(51, 590, 1, '2026-02-24', '네 권한 드리겠습니다.', NULL),
	(52, 320, 2, '2026-02-24', '확인했습니다', NULL),
	(53, 318, 2, '2026-02-24', '확인했습니다', 1),
	(54, 318, 2, '2026-02-24', '확인했습니다', NULL),
	(55, 577, 2, '2026-02-24', '피자 맛나겠네요 ^^%', NULL),
	(56, 598, 3, '2026-02-25', 'sd', 1),
	(57, 596, 3, '2026-02-24', '맞는 말인 것 같습니다^^*', NULL),
	(78, 360, 4, '2026-02-25', '댓글 테스트', NULL),
	(79, 600, 4, '2026-02-25', '댓글 테스트123', 1),
	(80, 595, 4, '2026-02-25', '댓글테스트111', 1),
	(81, 318, 4, '2026-02-25', '댓글테스트', NULL),
	(88, 600, 2, '2026-02-25', '123', NULL),
	(89, 321, 2, '2026-02-25', '213', NULL),
	(90, 576, 2, '2026-02-25', '123', NULL),
	(91, 471, 2, '2026-02-25', '123', 1),
	(92, 359, 4, '2026-02-25', '댓글 테스트', NULL),
	(93, 587, 2, '2026-02-25', '12', NULL),
	(94, 321, 2, '2026-02-25', '123', NULL),
	(95, 600, 7, '2026-02-25', '123', 1),
	(96, 321, 7, '2026-02-25', '123', NULL),
	(97, 471, 7, '2026-02-25', '123', NULL),
	(98, 383, 7, '2026-02-25', '123', NULL),
	(99, 598, 2, '2026-02-25', '오잉', NULL),
	(100, 598, 7, '2026-02-25', '[의견:99] 243', 1),
	(101, 598, 7, '2026-02-25', '[의견:99] 1234678', 1),
	(102, 598, 7, '2026-02-25', '[의견:99] 33', 1),
	(103, 598, 7, '2026-02-25', '[의견:99] 22', 1),
	(105, 360, 4, '2026-02-25', '댓글 테스트 2', NULL),
	(106, 359, 4, '2026-02-25', '댓글 테스트 2 222', NULL),
	(107, 358, 3, '2026-02-25', '댓글 테스트1', NULL),
	(117, 599, 1, '2026-02-25', '공감요', 1),
	(119, 321, 30, '2026-02-26', '1', 1),
	(120, 383, 30, '2026-02-26', '1`', 1),
	(121, 383, 30, '2026-02-26', '1', 1),
	(122, 468, 1, '2026-02-26', 'f', 1),
	(123, 599, 1, '2026-02-26', 'g', NULL),
	(124, 581, 1, '2026-02-26', 'g', 1);


INSERT INTO `rnk` (`rnk_no`, `rnk_name`) VALUES
	(1, '대표'),
	(2, '이사'),
	(3, '부장'),
	(4, '차장'),
	(5, '과장'),
	(6, '대리'),
	(7, '사원');


INSERT INTO `report` (`rep_no`, `rep_reason`, `user_no`, `art_no`, `b_no`, `rep_is_read`) VALUES
	(8, '경쟁업체 쁘락치로 추정', 4, 582, 6666, 1),
	(10, '허위정보', 3, 581, 6666, 0),
	(12, '걍 마음에 안듦', 3, 384, 2001, 0),
	(16, '어쩔', 1, 594, 102, 0),
	(18, '신고 테스트 입니다', 3, 358, 2003, 0);



INSERT INTO `schedule` (`sch_no`, `user_no`, `sch_date`, `sch_content`, `reg_date`) VALUES
	(2, 1, '2026-02-16', '설날', '2026-02-11 09:33:46'),
	(3, 11, '2026-02-11', '회의', '2026-02-12 14:10:58'),
	(5, 1, '2026-02-11', '설날', '2026-02-23 11:30:25'),
	(6, 4, '2026-02-24', '마감일', '2026-02-23 17:13:24'),
	(7, 4, '2026-02-24', '진짜 마감임', '2026-02-23 17:13:30'),
	(8, 4, '2026-02-24', '진짜진짜 마감임', '2026-02-23 17:13:37'),
	(13, 2, '2026-02-25', '보안 점검', '2026-02-24 14:30:16'),
	(15, 1, '2026-02-27', '대지', '2026-02-25 15:28:01'),
	(16, 1, '2026-02-20', '회의', '2026-02-25 15:28:14');


INSERT INTO `user` (`user_no`, `user_state`, `user_role`, `user_email`, `user_note`, `user_pw`, `emp_no`) VALUES
	(1, 'ONLINE', 'MASTER', 'kjallq@gmail.com', '123', '6b86b273ff34fce19d6b804eff5a3f5747ada4eaa22f1d49c01e52ddb7875b4b', 1),
	(2, 'ONLINE', 'ADMIN', 'sxxxxxb@naver.com', '프로젝트 중..', '03ac674216f3e15c761ee1a5e255f067953623c8b388b4459e13f978d7c846f4', 2),
	(3, 'ONLINE', 'ADMIN', 'ryu_1261@naver.com', NULL, '6b86b273ff34fce19d6b804eff5a3f5747ada4eaa22f1d49c01e52ddb7875b4b', 3),
	(4, 'ONLINE', 'ADMIN', 'iamdemperor@gmail.com', NULL, '03ac674216f3e15c761ee1a5e255f067953623c8b388b4459e13f978d7c846f4', 4),
	(5, 'OFFLINE', 'ADMIN', 'rhdqudcks99@naver.com', NULL, '03ac674216f3e15c761ee1a5e255f067953623c8b388b4459e13f978d7c846f4', 5),
	(6, 'ONLINE', 'USER', 'kosh1105@naver.com', NULL, '0ffe1abd1a08215353c233d6e009613e95eec4253832a761af28ff37ac5a150c', 6),
	(7, 'OFFLINE', 'USER', 'user007@smartgreen.com', NULL, '6b86b273ff34fce19d6b804eff5a3f5747ada4eaa22f1d49c01e52ddb7875b4b', 7),
	(8, 'OFFLINE', 'USER', 'user008@smartgreen.com', NULL, '6b86b273ff34fce19d6b804eff5a3f5747ada4eaa22f1d49c01e52ddb7875b4b', 8),
	(9, 'OFFLINE', 'USER', 'user009@smartgreen.com', NULL, '6b86b273ff34fce19d6b804eff5a3f5747ada4eaa22f1d49c01e52ddb7875b4b', 9),
	(10, 'OFFLINE', 'USER', 'user010@smartgreen.com', NULL, '6b86b273ff34fce19d6b804eff5a3f5747ada4eaa22f1d49c01e52ddb7875b4b', 10),
	(11, 'OFFLINE', 'USER', 'user011@smartgreen.com', NULL, '6b86b273ff34fce19d6b804eff5a3f5747ada4eaa22f1d49c01e52ddb7875b4b', 11),
	(12, 'OFFLINE', 'USER', 'user012@smartgreen.com', NULL, '6b86b273ff34fce19d6b804eff5a3f5747ada4eaa22f1d49c01e52ddb7875b4b', 12),
	(13, 'OFFLINE', 'USER', 'user013@smartgreen.com', NULL, '6b86b273ff34fce19d6b804eff5a3f5747ada4eaa22f1d49c01e52ddb7875b4b', 13),
	(14, 'OFFLINE', 'USER', 'user014@smartgreen.com', NULL, '6b86b273ff34fce19d6b804eff5a3f5747ada4eaa22f1d49c01e52ddb7875b4b', 14),
	(15, 'OFFLINE', 'USER', 'user015@smartgreen.com', NULL, '6b86b273ff34fce19d6b804eff5a3f5747ada4eaa22f1d49c01e52ddb7875b4b', 15),
	(16, 'OFFLINE', 'USER', 'user016@smartgreen.com', NULL, '6b86b273ff34fce19d6b804eff5a3f5747ada4eaa22f1d49c01e52ddb7875b4b', 16),
	(17, 'OFFLINE', 'USER', 'user017@smartgreen.com', NULL, '6b86b273ff34fce19d6b804eff5a3f5747ada4eaa22f1d49c01e52ddb7875b4b', 17),
	(18, 'OFFLINE', 'USER', 'user018@smartgreen.com', NULL, '6b86b273ff34fce19d6b804eff5a3f5747ada4eaa22f1d49c01e52ddb7875b4b', 18),
	(19, 'OFFLINE', 'USER', 'user019@smartgreen.com', NULL, '6b86b273ff34fce19d6b804eff5a3f5747ada4eaa22f1d49c01e52ddb7875b4b', 19),
	(20, 'OFFLINE', 'USER', 'user020@smartgreen.com', NULL, '6b86b273ff34fce19d6b804eff5a3f5747ada4eaa22f1d49c01e52ddb7875b4b', 20),
	(21, 'OFFLINE', 'USER', 'user021@smartgreen.com', NULL, '6b86b273ff34fce19d6b804eff5a3f5747ada4eaa22f1d49c01e52ddb7875b4b', 21),
	(22, 'OFFLINE', 'USER', 'user022@smartgreen.com', NULL, '6b86b273ff34fce19d6b804eff5a3f5747ada4eaa22f1d49c01e52ddb7875b4b', 22),
	(23, 'OFFLINE', 'USER', 'user023@smartgreen.com', NULL, '6b86b273ff34fce19d6b804eff5a3f5747ada4eaa22f1d49c01e52ddb7875b4b', 23),
	(24, 'OFFLINE', 'USER', 'user024@smartgreen.com', NULL, '6b86b273ff34fce19d6b804eff5a3f5747ada4eaa22f1d49c01e52ddb7875b4b', 24),
	(25, 'OFFLINE', 'USER', 'user025@smartgreen.com', NULL, '6b86b273ff34fce19d6b804eff5a3f5747ada4eaa22f1d49c01e52ddb7875b4b', 25),
	(26, 'OFFLINE', 'USER', 'user026@smartgreen.com', NULL, '6b86b273ff34fce19d6b804eff5a3f5747ada4eaa22f1d49c01e52ddb7875b4b', 26),
	(27, 'OFFLINE', 'USER', 'user027@smartgreen.com', NULL, '6b86b273ff34fce19d6b804eff5a3f5747ada4eaa22f1d49c01e52ddb7875b4b', 27),
	(30, 'OFFLINE', 'USER', 'user030@smartgreen.com', '반갑습니다', 'd4735e3a265e16eee03f59718b9b5d03019c07d8b6c51f90da3a666eec13ab35', 30),
	(299, 'ONLINE', 'USER', 'user299@smartgreen.com', NULL, '03ac674216f3e15c761ee1a5e255f067953623c8b388b4459e13f978d7c846f4', 299),
	(300, 'ONLINE', 'NONE', 'user300@smartgreen.com', NULL, '0ffe1abd1a08215353c233d6e009613e95eec4253832a761af28ff37ac5a150c', 300);